type,Mã trạm/LakeCode,Trạm/Hồ,Tên sông/Lưu vực,Tên tỉnh,Thời gian (UTC),Mực nước (m),Cảnh báo/Xu thế,Cảnh báo value (0-4),Chênh lệch cảnh báo (m),BĐ1 (m),BĐ2 (m),BĐ3 (m),Mực nước lịch sử (m),Năm lũ lịch sử,x,y,Dung tích (m3),Dung tích TK (m3),Tỷ lệ dung tích (%),Q đến (m3/s),Q xả (m3/s),Mực nước BT (m),Mực nước GC (m),Mã Cảnh báo,province_code,basin_code
Lake,B79C6DFB-A9B1-4AA4-A287-DEA9D6CE57FB,An Khê,Ba,Gia Lai,2025-11-09 12:00,428.93,Xuong,,,,,,,,108.6836418,14.01699131,15.6329775,15.9,98.32,,4,429,,1,64,1
Lake,B79C6DFB-A9B1-4AA4-A287-DEA9D6CE57FB,An Khê,Ba,Gia Lai,2025-11-10 12:00,428.92,Xuong,,,,,,,,108.6836418,14.01699131,15.6020422,15.9,98.13,,4,429,,1,64,1
Lake,B79C6DFB-A9B1-4AA4-A287-DEA9D6CE57FB,An Khê,Ba,Gia Lai,2025-11-11 12:00,428.89,Xuong,,,,,,,,108.6836418,14.01699131,15.5090456,15.9,97.54,,4,429,,1,64,1
Lake,B79C6DFB-A9B1-4AA4-A287-DEA9D6CE57FB,An Khê,Ba,Gia Lai,2025-11-12 12:00,428.81,Xuong,,,,,,,,108.6836418,14.01699131,15.260993,15.9,95.98,,4,429,,1,64,1
Lake,B79C6DFB-A9B1-4AA4-A287-DEA9D6CE57FB,An Khê,Ba,Gia Lai,2025-11-13 12:00,428.88,Xuong,,,,,,,,108.6836418,14.01699131,15.4780159,15.9,97.35,,4,429,,1,64,1
Lake,B79C6DFB-A9B1-4AA4-A287-DEA9D6CE57FB,An Khê,Ba,Gia Lai,2025-11-14 12:00,428.99,BinhThuong,,,,,,,,108.6836418,14.01699131,15.81897,15.9,99.49,,10,429,,1,64,1
Lake,B79C6DFB-A9B1-4AA4-A287-DEA9D6CE57FB,An Khê,Ba,Gia Lai,2025-11-15 0:00,428.98,Xuong,,,,,,,,108.6836418,14.01699131,15.7880344,15.9,99.3,,40,429,,1,64,1
Lake,9CBE33CD-5CFB-4CB9-BAEB-59147A825DF0,Ayun Hạ,Ba,Gia Lai,2025-11-09 12:00,203.52,Xuong,,,,,,,,108.230063,13.637508,237.160141,200,118.58007,90.55,222.32,205.15,209.92,1,64,1
Lake,9CBE33CD-5CFB-4CB9-BAEB-59147A825DF0,Ayun Hạ,Ba,Gia Lai,2025-11-10 12:00,203.19,Xuong,,,,,,,,108.230063,13.637508,226.270081,200,113.13504,97.64,198.87,205.15,209.92,1,64,1
Lake,9CBE33CD-5CFB-4CB9-BAEB-59147A825DF0,Ayun Hạ,Ba,Gia Lai,2025-11-11 12:00,202.93,Xuong,,,,,,,,108.230063,13.637508,217.689758,200,108.844879,94.81,180.75,205.15,209.92,1,64,1
Lake,9CBE33CD-5CFB-4CB9-BAEB-59147A825DF0,Ayun Hạ,Ba,Gia Lai,2025-11-12 0:00,202.79,Xuong,,,,,,,,108.230063,13.637508,213.069778,200,106.534889,79.83,171.79,205.15,209.92,1,64,1
Lake,9CBE33CD-5CFB-4CB9-BAEB-59147A825DF0,Ayun Hạ,Ba,Gia Lai,2025-11-13 12:00,202.61,Xuong,,,,,,,,108.230063,13.637508,207.13002,200,103.56501,54.66,79.49,205.15,209.92,1,64,1
Lake,9CBE33CD-5CFB-4CB9-BAEB-59147A825DF0,Ayun Hạ,Ba,Gia Lai,2025-11-14 12:00,202.54,BinhThuong,,,,,,,,108.230063,13.637508,204.819778,200,102.409889,41.8,11.62,205.15,209.92,1,64,1
Lake,9CBE33CD-5CFB-4CB9-BAEB-59147A825DF0,Ayun Hạ,Ba,Gia Lai,2025-11-15 0:00,202.58,Len,,,,,,,,108.230063,13.637508,206.14006,200,103.07003,63.25,11.69,205.15,209.92,1,64,1
Lake,23845BDB-5E8A-4F91-8886-4E2F0776D11F,Hà ra Nam,Ba,Gia Lai,2025-11-09 0:00,728.9,Xuong,,,,,,,,,,2.42660713,2.39,101.53167,,,728.82,731,3,64,1
Lake,23845BDB-5E8A-4F91-8886-4E2F0776D11F,Hà ra Nam,Ba,Gia Lai,2025-11-10 12:00,728.88,Xuong,,,,,,,,,,2.42074132,2.39,101.28624,,,728.82,731,3,64,1
Lake,23845BDB-5E8A-4F91-8886-4E2F0776D11F,Hà ra Nam,Ba,Gia Lai,2025-11-11 0:00,728.88,BinhThuong,,,,,,,,,,2.42074132,2.39,101.28624,,,728.82,731,3,64,1
Lake,23845BDB-5E8A-4F91-8886-4E2F0776D11F,Hà ra Nam,Ba,Gia Lai,2025-11-12 0:00,728.88,BinhThuong,,,,,,,,,,2.42074132,2.39,101.28624,,,728.82,731,3,64,1
Lake,23845BDB-5E8A-4F91-8886-4E2F0776D11F,Hà ra Nam,Ba,Gia Lai,2025-11-13 0:00,728.87,Xuong,,,,,,,,,,2.41780853,2.39,101.163536,,,728.82,731,3,64,1
Lake,23845BDB-5E8A-4F91-8886-4E2F0776D11F,Hà ra Nam,Ba,Gia Lai,2025-11-14 6:00,728.87,BinhThuong,,,,,,,,,,2.41780853,2.39,101.163536,,,728.82,731,3,64,1
Lake,23845BDB-5E8A-4F91-8886-4E2F0776D11F,Hà ra Nam,Ba,Gia Lai,2025-11-14 6:00,728.87,BinhThuong,,,,,,,,,,2.41780853,2.39,101.163536,,,728.82,731,3,64,1
Lake,C319F2A1-DB31-4B88-9702-67F3FB7DCAC6,Hóc Răm,Ba,Phú Yên,2025-11-09 0:00,22.35,BinhThuong,,,,,,,,109.285868,12.938905,2.6925,2.91,92.52577,,,22.3,25.6,3,54,1
Lake,C319F2A1-DB31-4B88-9702-67F3FB7DCAC6,Hóc Răm,Ba,Phú Yên,2025-11-12 0:00,22.35,BinhThuong,,,,,,,,109.285868,12.938905,2.6925,2.91,92.52577,,,22.3,25.6,3,54,1
Lake,C319F2A1-DB31-4B88-9702-67F3FB7DCAC6,Hóc Răm,Ba,Phú Yên,2025-11-12 0:00,22.35,BinhThuong,,,,,,,,109.285868,12.938905,2.6925,2.91,92.52577,,,22.3,25.6,3,54,1
Lake,C319F2A1-DB31-4B88-9702-67F3FB7DCAC6,Hóc Răm,Ba,Phú Yên,2025-11-14 0:00,22.35,BinhThuong,,,,,,,,109.285868,12.938905,2.6925,2.91,92.52577,,,22.3,25.6,3,54,1
Lake,C319F2A1-DB31-4B88-9702-67F3FB7DCAC6,Hóc Răm,Ba,Phú Yên,2025-11-14 0:00,22.35,BinhThuong,,,,,,,,109.285868,12.938905,2.6925,2.91,92.52577,,,22.3,25.6,3,54,1
Lake,73bb8be6-bbd6-4042-8360-30abdced336a,Ia MLá,Ba,Gia Lai,2025-11-09 16:55,213.797,Xuong,,,,,,,,108.7801837,13.29780979,49.4727974,48.64,101.712166,10.89,1.37,215,215.9,1,64,1
Lake,73bb8be6-bbd6-4042-8360-30abdced336a,Ia MLá,Ba,Gia Lai,2025-11-10 16:55,213.856,BinhThuong,,,,,,,,108.7801837,13.29780979,49.69289,48.64,102.164658,9.25,5.83,215,215.9,1,64,1
Lake,73bb8be6-bbd6-4042-8360-30abdced336a,Ia MLá,Ba,Gia Lai,2025-11-11 16:55,213.608,Xuong,,,,,,,,108.7801837,13.29780979,48.7678452,48.64,100.26284,8.83,34.58,215,215.9,1,64,1
Lake,73bb8be6-bbd6-4042-8360-30abdced336a,Ia MLá,Ba,Gia Lai,2025-11-12 16:55,213.071,Xuong,,,,,,,,108.7801837,13.29780979,46.7648277,48.64,96.14,9.56,14.09,215,215.9,1,64,1
Lake,73bb8be6-bbd6-4042-8360-30abdced336a,Ia MLá,Ba,Gia Lai,2025-11-13 16:55,212.989,Xuong,,,,,,,,108.7801837,13.29780979,46.4608345,48.64,95.52,6.56,3.22,215,215.9,1,64,1
Lake,73bb8be6-bbd6-4042-8360-30abdced336a,Ia MLá,Ba,Gia Lai,2025-11-14 16:55,213.015,Xuong,,,,,,,,108.7801837,13.29780979,46.5559464,48.64,95.72,6.81,0,215,215.9,1,64,1
Lake,73bb8be6-bbd6-4042-8360-30abdced336a,Ia MLá,Ba,Gia Lai,2025-11-15 5:25,213.035,BinhThuong,,,,,,,,108.7801837,13.29780979,46.63056,48.64,95.87,6.63,0,215,215.9,1,64,1
Lake,4AB3F3C8-D7F4-44AA-897C-E93BDCFA1DCC,Kanak,Ba,Gia Lai,2025-11-09 10:00,511.35,Len,,,,,,,,108.4958743,14.28229176,256.5081,313.7,81.77,,150,515,,1,64,1
Lake,4AB3F3C8-D7F4-44AA-897C-E93BDCFA1DCC,Kanak,Ba,Gia Lai,2025-11-10 10:00,511.62,Len,,,,,,,,108.4958743,14.28229176,260.741516,313.7,83.12,,150,515,,1,64,1
Lake,4AB3F3C8-D7F4-44AA-897C-E93BDCFA1DCC,Kanak,Ba,Gia Lai,2025-11-11 10:00,511.94,Len,,,,,,,,108.4958743,14.28229176,265.759216,313.7,84.72,,150,515,,1,64,1
Lake,4AB3F3C8-D7F4-44AA-897C-E93BDCFA1DCC,Kanak,Ba,Gia Lai,2025-11-12 6:00,512.14,Len,,,,,,,,108.4958743,14.28229176,268.895416,313.7,85.72,,150,515,,1,64,1
Lake,4AB3F3C8-D7F4-44AA-897C-E93BDCFA1DCC,Kanak,Ba,Gia Lai,2025-11-13 6:00,512.41,Len,,,,,,,,108.4958743,14.28229176,273.128357,313.7,87.07,,150,515,,1,64,1
Lake,4AB3F3C8-D7F4-44AA-897C-E93BDCFA1DCC,Kanak,Ba,Gia Lai,2025-11-14 10:00,512.59,BinhThuong,,,,,,,,108.4958743,14.28229176,275.9516,313.7,87.97,,150,515,,1,64,1
Lake,4AB3F3C8-D7F4-44AA-897C-E93BDCFA1DCC,Kanak,Ba,Gia Lai,2025-11-15 0:00,512.63,Len,,,,,,,,108.4958743,14.28229176,276.578461,313.7,88.17,,150,515,,1,64,1
Lake,7D5B7DB0-D64A-4A36-BD4E-54A95CA62E9D,Ba Hạ,Ba,Phú Yên,2025-11-09 16:00,102.93,,,,,,,,,108.8986057,13.02398003,252.89682,349.7,72.32,,700,105,105.96,1,54,1
Lake,7D5B7DB0-D64A-4A36-BD4E-54A95CA62E9D,Ba Hạ,Ba,Phú Yên,2025-11-10 13:00,104.85,Xuong,,,,,,,,108.8986057,13.02398003,342.675934,349.7,97.99,,500,105,105.96,1,54,1
Lake,7D5B7DB0-D64A-4A36-BD4E-54A95CA62E9D,Ba Hạ,Ba,Phú Yên,2025-11-11 14:00,104.8,Xuong,,,,,,,,108.8986057,13.02398003,340.338135,349.7,97.32,,300,105,105.96,1,54,1
Lake,7D5B7DB0-D64A-4A36-BD4E-54A95CA62E9D,Ba Hạ,Ba,Phú Yên,2025-11-12 16:00,104.8,BinhThuong,,,,,,,,108.8986057,13.02398003,340.338135,349.7,97.32,,300,105,105.96,1,54,1
Lake,7D5B7DB0-D64A-4A36-BD4E-54A95CA62E9D,Ba Hạ,Ba,Phú Yên,2025-11-13 13:00,104.79,BinhThuong,,,,,,,,108.8986057,13.02398003,339.870453,349.7,97.19,,300,105,105.96,1,54,1
Lake,7D5B7DB0-D64A-4A36-BD4E-54A95CA62E9D,Ba Hạ,Ba,Phú Yên,2025-11-14 16:00,104.34,Xuong,,,,,,,,108.8986057,13.02398003,318.828217,349.7,91.17,,300,105,105.96,1,54,1
Lake,7D5B7DB0-D64A-4A36-BD4E-54A95CA62E9D,Ba Hạ,Ba,Phú Yên,2025-11-15 0:00,104.1,Xuong,,,,,,,,108.8986057,13.02398003,307.605927,349.7,87.96,,300,105,105.96,1,54,1
Lake,2841bb52-495f-4ddf-aef0-a3de42c81ccc,Cẩn Hậu,Kôn,Bình Định,2025-11-10 0:00,186.95,Len,,,,,,,,108.9877477,14.64085682,1.939,3.69,52.55,0.53,0,191.3,,1,52,2
Lake,2841bb52-495f-4ddf-aef0-a3de42c81ccc,Cẩn Hậu,Kôn,Bình Định,2025-11-11 0:00,187.05,Len,,,,,,,,108.9877477,14.64085682,1.971,3.69,53.41,0.37,0,191.3,,1,52,2
Lake,2841bb52-495f-4ddf-aef0-a3de42c81ccc,Cẩn Hậu,Kôn,Bình Định,2025-11-12 0:00,187.06,Len,,,,,,,,108.9877477,14.64085682,1.975,3.69,53.52,0.05,0,191.3,,1,52,2
Lake,2841bb52-495f-4ddf-aef0-a3de42c81ccc,Cẩn Hậu,Kôn,Bình Định,2025-11-13 0:00,187.4,Len,,,,,,,,108.9877477,14.64085682,2.091,3.69,56.67,1.34,0,191.3,,1,52,2
Lake,2841bb52-495f-4ddf-aef0-a3de42c81ccc,Cẩn Hậu,Kôn,Bình Định,2025-11-14 0:00,188.05,Len,,,,,,,,108.9877477,14.64085682,2.314,3.69,62.71,2.58,0,191.3,,1,52,2
Lake,2841bb52-495f-4ddf-aef0-a3de42c81ccc,Cẩn Hậu,Kôn,Bình Định,2025-11-15 0:00,188.45,Len,,,,,,,,108.9877477,14.64085682,2.466,3.69,66.83,1.76,0,191.3,,1,52,2
Lake,BBC08CFF-EFFB-4911-BA81-7882AEBBD71F,Hà Nhe,Kôn,Bình Định,2025-11-09 0:00,66.07,Len,,,,,,,,108.8330047,14.0400239,2.657,3.75,70.85,0.5,0,68.9,,1,52,2
Lake,BBC08CFF-EFFB-4911-BA81-7882AEBBD71F,Hà Nhe,Kôn,Bình Định,2025-11-11 0:00,66.1,Len,,,,,,,,108.8330047,14.0400239,2.668,3.75,71.15,0.13,0,68.9,,1,52,2
Lake,BBC08CFF-EFFB-4911-BA81-7882AEBBD71F,Hà Nhe,Kôn,Bình Định,2025-11-12 0:00,66.13,Len,,,,,,,,108.8330047,14.0400239,2.679,3.75,71.44,0.13,0,68.9,,1,52,2
Lake,BBC08CFF-EFFB-4911-BA81-7882AEBBD71F,Hà Nhe,Kôn,Bình Định,2025-11-13 0:00,66.16,Len,,,,,,,,108.8330047,14.0400239,2.69,3.75,71.73,0.13,0,68.9,,1,52,2
Lake,BBC08CFF-EFFB-4911-BA81-7882AEBBD71F,Hà Nhe,Kôn,Bình Định,2025-11-14 0:00,66.19,Len,,,,,,,,108.8330047,14.0400239,2.702,3.75,72.05,0.14,0,68.9,,1,52,2
Lake,BBC08CFF-EFFB-4911-BA81-7882AEBBD71F,Hà Nhe,Kôn,Bình Định,2025-11-15 0:00,66.22,Len,,,,,,,,108.8330047,14.0400239,2.713,3.75,72.35,0.13,0,68.9,,1,52,2
Lake,1C0F7A22-ADA4-4A31-A2D5-77291BA691D4,Hòn Lập,Kôn,Bình Định,2025-11-10 0:00,58.85,Xuong,,,,,,,,108.8144293,14.10222355,1.757,3.13,56.13,4.05,4.51,60,,1,52,2
Lake,1C0F7A22-ADA4-4A31-A2D5-77291BA691D4,Hòn Lập,Kôn,Bình Định,2025-11-11 0:00,58.85,BinhThuong,,,,,,,,108.8144293,14.10222355,1.757,3.13,56.13,4.51,4.51,60,,1,52,2
Lake,1C0F7A22-ADA4-4A31-A2D5-77291BA691D4,Hòn Lập,Kôn,Bình Định,2025-11-12 0:00,58.85,BinhThuong,,,,,,,,108.8144293,14.10222355,1.757,3.13,56.13,4.51,4.51,60,,1,52,2
Lake,1C0F7A22-ADA4-4A31-A2D5-77291BA691D4,Hòn Lập,Kôn,Bình Định,2025-11-13 0:00,58.85,BinhThuong,,,,,,,,108.8144293,14.10222355,1.757,3.13,56.13,4.51,4.51,60,,1,52,2
Lake,1C0F7A22-ADA4-4A31-A2D5-77291BA691D4,Hòn Lập,Kôn,Bình Định,2025-11-14 0:00,59.05,Len,,,,,,,,108.8144293,14.10222355,1.837,3.13,58.69,0.93,4.51,60,,1,52,2
Lake,1C0F7A22-ADA4-4A31-A2D5-77291BA691D4,Hòn Lập,Kôn,Bình Định,2025-11-15 0:00,59.25,Len,,,,,,,,108.8144293,14.10222355,1.917,3.13,61.25,0.93,4.51,60,,1,52,2
Lake,33AE65ED-3775-4F25-B645-EDB71FED0156,Hội Sơn,Kôn,Bình Định,2025-11-10 0:00,65.44,Len,,,,,,,,108.9542104,14.16078478,30.95,45.62,67.84,6.94,0,68.6,,1,52,2
Lake,33AE65ED-3775-4F25-B645-EDB71FED0156,Hội Sơn,Kôn,Bình Định,2025-11-11 0:00,65.56,Len,,,,,,,,108.9542104,14.16078478,31.55,45.62,69.16,6.94,0,68.6,,1,52,2
Lake,33AE65ED-3775-4F25-B645-EDB71FED0156,Hội Sơn,Kôn,Bình Định,2025-11-12 0:00,65.64,Len,,,,,,,,108.9542104,14.16078478,31.95,45.62,70.04,4.63,0,68.6,,1,52,2
Lake,33AE65ED-3775-4F25-B645-EDB71FED0156,Hội Sơn,Kôn,Bình Định,2025-11-13 0:00,65.72,Len,,,,,,,,108.9542104,14.16078478,32.35,45.62,70.91,4.63,0,68.6,,1,52,2
Lake,33AE65ED-3775-4F25-B645-EDB71FED0156,Hội Sơn,Kôn,Bình Định,2025-11-14 0:00,65.8,Len,,,,,,,,108.9542104,14.16078478,32.75,45.62,71.79,4.63,0,68.6,,1,52,2
Lake,33AE65ED-3775-4F25-B645-EDB71FED0156,Hội Sơn,Kôn,Bình Định,2025-11-15 0:00,65.84,Len,,,,,,,,108.9542104,14.16078478,32.95,45.62,72.23,2.31,0,68.6,,1,52,2
Lake,3C94A187-517C-4E49-B868-7B681B033AF1,Kỳ Châu,Kôn,Phú Yên,2025-11-09 0:00,141.2,Xuong,,,,,,,,109.0783933,13.56264795,3.851,3.807,101.155769,,,141.1,144.17,3,54,2
Lake,3C94A187-517C-4E49-B868-7B681B033AF1,Kỳ Châu,Kôn,Phú Yên,2025-11-12 0:00,141.15,BinhThuong,,,,,,,,109.0783933,13.56264795,3.82899666,3.807,100.5778,,,141.1,144.17,3,54,2
Lake,3C94A187-517C-4E49-B868-7B681B033AF1,Kỳ Châu,Kôn,Phú Yên,2025-11-12 0:00,141.15,BinhThuong,,,,,,,,109.0783933,13.56264795,3.82899666,3.807,100.5778,,,141.1,144.17,3,54,2
Lake,3C94A187-517C-4E49-B868-7B681B033AF1,Kỳ Châu,Kôn,Phú Yên,2025-11-14 0:00,141.13,Xuong,,,,,,,,109.0783933,13.56264795,3.82020068,3.807,100.346756,,,141.1,144.17,3,54,2
Lake,3C94A187-517C-4E49-B868-7B681B033AF1,Kỳ Châu,Kôn,Phú Yên,2025-11-14 0:00,141.13,Xuong,,,,,,,,109.0783933,13.56264795,3.82020068,3.807,100.346756,,,141.1,144.17,3,54,2
Lake,C708CE8B-2B77-4094-B717-7C61779EA780,Long Mỹ,Kôn,Bình Định,2025-11-10 0:00,28.97,Len,,,,,,,,109.131407,13.70625372,2.69,3,89.67,0.19,0,30,,1,52,2
Lake,C708CE8B-2B77-4094-B717-7C61779EA780,Long Mỹ,Kôn,Bình Định,2025-11-11 0:00,29.12,Len,,,,,,,,109.131407,13.70625372,2.743,3,91.43,0.61,0,30,,1,52,2
Lake,C708CE8B-2B77-4094-B717-7C61779EA780,Long Mỹ,Kôn,Bình Định,2025-11-12 0:00,29.25,Len,,,,,,,,109.131407,13.70625372,2.79,3,93,0.54,0,30,,1,52,2
Lake,C708CE8B-2B77-4094-B717-7C61779EA780,Long Mỹ,Kôn,Bình Định,2025-11-13 0:00,29.36,Len,,,,,,,,109.131407,13.70625372,2.83,3,94.33,0.46,0,30,,1,52,2
Lake,C708CE8B-2B77-4094-B717-7C61779EA780,Long Mỹ,Kôn,Bình Định,2025-11-14 0:00,29.47,Len,,,,,,,,109.131407,13.70625372,2.869,3,95.63,0.45,0,30,,1,52,2
Lake,C708CE8B-2B77-4094-B717-7C61779EA780,Long Mỹ,Kôn,Bình Định,2025-11-15 0:00,29.5,Len,,,,,,,,109.131407,13.70625372,2.88,3,96,0.13,0,30,,1,52,2
Lake,626D1F51-FB9C-42F7-B745-A1FCDB9F4F59,Phú Xuân,Kôn,Phú Yên,2025-11-09 0:00,32.1,BinhThuong,,,,,,,,109.029904,13.282786,4.296,11.22,38.28877,,,37.5,40.02,1,54,2
Lake,626D1F51-FB9C-42F7-B745-A1FCDB9F4F59,Phú Xuân,Kôn,Phú Yên,2025-11-12 0:00,33.08,Len,,,,,,,,109.029904,13.282786,5.34000349,11.22,47.5936127,,,37.5,40.02,1,54,2
Lake,626D1F51-FB9C-42F7-B745-A1FCDB9F4F59,Phú Xuân,Kôn,Phú Yên,2025-11-12 0:00,33.08,Len,,,,,,,,109.029904,13.282786,5.34000349,11.22,47.5936127,,,37.5,40.02,1,54,2
Lake,626D1F51-FB9C-42F7-B745-A1FCDB9F4F59,Phú Xuân,Kôn,Phú Yên,2025-11-14 0:00,33.82,Len,,,,,,,,109.029904,13.282786,6.1942,11.22,55.20677,,,37.5,40.02,1,54,2
Lake,626D1F51-FB9C-42F7-B745-A1FCDB9F4F59,Phú Xuân,Kôn,Phú Yên,2025-11-14 0:00,33.82,Len,,,,,,,,109.029904,13.282786,6.1942,11.22,55.20677,,,37.5,40.02,1,54,2
Lake,873C42D9-384E-420D-AC5F-4AE13DC49A0D,Suối Tre,Kôn,Bình Định,2025-11-09 0:00,75.4,Len,,,,,,,,108.932911,14.09459792,4.147,4.939,83.96,0.8,0,83.5,,1,52,2
Lake,873C42D9-384E-420D-AC5F-4AE13DC49A0D,Suối Tre,Kôn,Bình Định,2025-11-11 0:00,75.5,Len,,,,,,,,108.932911,14.09459792,4.216,4.939,85.36,0.8,0,83.5,,1,52,2
Lake,873C42D9-384E-420D-AC5F-4AE13DC49A0D,Suối Tre,Kôn,Bình Định,2025-11-12 0:00,75.6,Len,,,,,,,,108.932911,14.09459792,4.286,4.939,86.78,0.81,0,83.5,,1,52,2
Lake,873C42D9-384E-420D-AC5F-4AE13DC49A0D,Suối Tre,Kôn,Bình Định,2025-11-13 0:00,75.64,Len,,,,,,,,108.932911,14.09459792,4.313,4.939,87.33,0.31,0,83.5,,1,52,2
Lake,873C42D9-384E-420D-AC5F-4AE13DC49A0D,Suối Tre,Kôn,Bình Định,2025-11-14 0:00,75.68,Len,,,,,,,,108.932911,14.09459792,4.341,4.939,87.89,0.32,0,83.5,,1,52,2
Lake,873C42D9-384E-420D-AC5F-4AE13DC49A0D,Suối Tre,Kôn,Bình Định,2025-11-15 0:00,75.72,Len,,,,,,,,108.932911,14.09459792,4.369,4.939,88.46,2.88,0,83.5,,1,52,2
Lake,24E509AF-A65C-4780-8855-7AA09DFF822A,Suối Đuốc,Kôn,Bình Định,2025-11-09 0:00,50.4,BinhThuong,,,,,,,,108.9821729,13.64466724,731,1.072,68.19,0.86,0.86,52.33,,1,52,2
Lake,24E509AF-A65C-4780-8855-7AA09DFF822A,Suối Đuốc,Kôn,Bình Định,2025-11-11 0:00,50.4,BinhThuong,,,,,,,,108.9821729,13.64466724,731,1.072,68.19,0.86,0.86,52.33,,1,52,2
Lake,24E509AF-A65C-4780-8855-7AA09DFF822A,Suối Đuốc,Kôn,Bình Định,2025-11-12 0:00,50.4,BinhThuong,,,,,,,,108.9821729,13.64466724,731,1.072,68.19,0.86,0.86,52.33,,1,52,2
Lake,24E509AF-A65C-4780-8855-7AA09DFF822A,Suối Đuốc,Kôn,Bình Định,2025-11-13 0:00,50.4,BinhThuong,,,,,,,,108.9821729,13.64466724,731,1.072,68.19,0.86,0.86,52.33,,1,52,2
Lake,24E509AF-A65C-4780-8855-7AA09DFF822A,Suối Đuốc,Kôn,Bình Định,2025-11-14 0:00,50.4,BinhThuong,,,,,,,,108.9821729,13.64466724,731,1.072,68.19,0.86,0.86,52.33,,1,52,2
Lake,24E509AF-A65C-4780-8855-7AA09DFF822A,Suối Đuốc,Kôn,Bình Định,2025-11-15 0:00,50.4,BinhThuong,,,,,,,,108.9821729,13.64466724,731,1.072,68.19,0.86,0.86,52.33,,1,52,2
Lake,062A7CF0-46F3-4E99-8BCD-040CEF304344,Thuận Ninh,Kôn,Bình Định,2025-11-10 0:00,64.684,Len,,,,,,,,108.9147918,14.0167801,21.222,35.36,60.02,8.17,0,68,,1,52,2
Lake,062A7CF0-46F3-4E99-8BCD-040CEF304344,Thuận Ninh,Kôn,Bình Định,2025-11-11 0:00,64.81,Len,,,,,,,,108.9147918,14.0167801,21.696,35.36,61.36,5.49,0,68,,1,52,2
Lake,062A7CF0-46F3-4E99-8BCD-040CEF304344,Thuận Ninh,Kôn,Bình Định,2025-11-12 0:00,64.91,Len,,,,,,,,108.9147918,14.0167801,22.075,35.36,62.43,4.39,0,68,,1,52,2
Lake,062A7CF0-46F3-4E99-8BCD-040CEF304344,Thuận Ninh,Kôn,Bình Định,2025-11-13 0:00,65.002,Len,,,,,,,,108.9147918,14.0167801,22.418,35.36,63.4,3.97,0,68,,1,52,2
Lake,062A7CF0-46F3-4E99-8BCD-040CEF304344,Thuận Ninh,Kôn,Bình Định,2025-11-14 0:00,65.09,Len,,,,,,,,108.9147918,14.0167801,22.748,35.36,64.33,3.82,0,68,,1,52,2
Lake,062A7CF0-46F3-4E99-8BCD-040CEF304344,Thuận Ninh,Kôn,Bình Định,2025-11-15 0:00,65.156,Len,,,,,,,,108.9147918,14.0167801,22.997,35.36,65.04,2.88,0,68,,1,52,2
Lake,D40B8FDA-C530-4FCD-8F37-D6EAF79F64FE,Trong Thượng,Kôn,Bình Định,2025-11-09 0:00,91.17,Xuong,,,,,,,,108.8759504,14.66342105,1.05501962,1.04,101.4442,1.17,1.25,91.1,,3,52,2
Lake,D40B8FDA-C530-4FCD-8F37-D6EAF79F64FE,Trong Thượng,Kôn,Bình Định,2025-11-11 0:00,91.17,BinhThuong,,,,,,,,108.8759504,14.66342105,1.05501962,1.04,101.4442,1.25,1.25,91.1,,3,52,2
Lake,D40B8FDA-C530-4FCD-8F37-D6EAF79F64FE,Trong Thượng,Kôn,Bình Định,2025-11-12 0:00,91.17,BinhThuong,,,,,,,,108.8759504,14.66342105,1.05501962,1.04,101.4442,1.25,1.25,91.1,,3,52,2
Lake,D40B8FDA-C530-4FCD-8F37-D6EAF79F64FE,Trong Thượng,Kôn,Bình Định,2025-11-13 0:00,91.17,BinhThuong,,,,,,,,108.8759504,14.66342105,1.05501962,1.04,101.4442,1.25,1.25,91.1,,3,52,2
Lake,D40B8FDA-C530-4FCD-8F37-D6EAF79F64FE,Trong Thượng,Kôn,Bình Định,2025-11-14 0:00,91.17,BinhThuong,,,,,,,,108.8759504,14.66342105,1.05501962,1.04,101.4442,1.25,1.25,91.1,,3,52,2
Lake,D40B8FDA-C530-4FCD-8F37-D6EAF79F64FE,Trong Thượng,Kôn,Bình Định,2025-11-15 0:00,91.15,Xuong,,,,,,,,108.8759504,14.66342105,1.05090034,1.04,101.048111,0.7,0.75,91.1,,3,52,2
Lake,9BFF6E76-94E2-4233-B659-258D74A1295F,Trà Xom,Kôn,Bình Định,2025-11-09 12:00,665.33,,,,,,,,,108.6834876,14.3007653,32.13,39.5,81.34,16.29,0,668,668.72,1,52,2
Lake,9BFF6E76-94E2-4233-B659-258D74A1295F,Trà Xom,Kôn,Bình Định,2025-11-10 6:00,665.56,Len,,,,,,,,108.6834876,14.3007653,32.76,39.5,82.94,15.61,0,668,668.72,1,52,2
Lake,9BFF6E76-94E2-4233-B659-258D74A1295F,Trà Xom,Kôn,Bình Định,2025-11-11 12:00,665.87,Len,,,,,,,,108.6834876,14.3007653,33.62,39.5,85.11,10.77,0,668,668.72,1,52,2
Lake,9BFF6E76-94E2-4233-B659-258D74A1295F,Trà Xom,Kôn,Bình Định,2025-11-12 12:00,666.1,Len,,,,,,,,108.6834876,14.3007653,34.25,39.5,86.71,10.81,0,668,668.72,1,52,2
Lake,9BFF6E76-94E2-4233-B659-258D74A1295F,Trà Xom,Kôn,Bình Định,2025-11-13 12:00,666.22,Len,,,,,,,,108.6834876,14.3007653,34.58,39.5,87.54,15.49,5.27,668,668.72,1,52,2
Lake,9BFF6E76-94E2-4233-B659-258D74A1295F,Trà Xom,Kôn,Bình Định,2025-11-14 12:00,666.17,Xuong,,,,,,,,108.6834876,14.3007653,34.44,39.5,87.19,7.96,5.27,668,668.72,1,52,2
Lake,9BFF6E76-94E2-4233-B659-258D74A1295F,Trà Xom,Kôn,Bình Định,2025-11-15 0:00,666.12,Xuong,,,,,,,,108.6834876,14.3007653,34.31,39.5,86.86,4.67,0,668,668.72,1,52,2
Lake,F0330A08-802A-4EFD-A75C-CF4DA4A898A7,Vĩnh Sơn 5,Kôn,Bình Định,2025-11-09 12:00,154.5,BinhThuong,,,,,,,,,,1.4396,1.53,94.09,84,31,155,,1,52,2
Lake,F0330A08-802A-4EFD-A75C-CF4DA4A898A7,Vĩnh Sơn 5,Kôn,Bình Định,2025-11-10 6:00,154.5,BinhThuong,,,,,,,,,,1.4396,1.53,94.09,67,15,155,,1,52,2
Lake,F0330A08-802A-4EFD-A75C-CF4DA4A898A7,Vĩnh Sơn 5,Kôn,Bình Định,2025-11-11 12:00,154.5,BinhThuong,,,,,,,,,,1.4396,1.53,94.09,67,15,155,,1,52,2
Lake,F0330A08-802A-4EFD-A75C-CF4DA4A898A7,Vĩnh Sơn 5,Kôn,Bình Định,2025-11-12 6:00,154.5,BinhThuong,,,,,,,,,,1.4396,1.53,94.09,60,8,155,,1,52,2
Lake,F0330A08-802A-4EFD-A75C-CF4DA4A898A7,Vĩnh Sơn 5,Kôn,Bình Định,2025-11-12 6:00,154.5,BinhThuong,,,,,,,,,,1.4396,1.53,94.09,60,8,155,,1,52,2
Lake,F0330A08-802A-4EFD-A75C-CF4DA4A898A7,Vĩnh Sơn 5,Kôn,Bình Định,2025-11-12 6:00,154.5,BinhThuong,,,,,,,,,,1.4396,1.53,94.09,60,8,155,,1,52,2
Lake,F0330A08-802A-4EFD-A75C-CF4DA4A898A7,Vĩnh Sơn 5,Kôn,Bình Định,2025-11-15 0:00,154.5,BinhThuong,,,,,,,,,,1.4396,1.53,94.09,56.5,4.5,155,,1,52,2
Lake,FCB62C73-8264-4098-B463-A36964FE2FEB,Vĩnh Sơn B,Kôn,Bình Định,2025-11-09 12:00,824.45,Len,,,,,,,,108.5827608,14.37470495,65.53,97,67.56,,,826,832.1,1,52,2
Lake,FCB62C73-8264-4098-B463-A36964FE2FEB,Vĩnh Sơn B,Kôn,Bình Định,2025-11-10 12:00,824.69,Len,,,,,,,,108.5827608,14.37470495,67.67,97,69.76,,,826,832.1,1,52,2
Lake,FCB62C73-8264-4098-B463-A36964FE2FEB,Vĩnh Sơn B,Kôn,Bình Định,2025-11-11 12:00,824.92,Len,,,,,,,,108.5827608,14.37470495,69.71,97,71.87,,,826,832.1,1,52,2
Lake,FCB62C73-8264-4098-B463-A36964FE2FEB,Vĩnh Sơn B,Kôn,Bình Định,2025-11-12 12:00,825.01,Len,,,,,,,,108.5827608,14.37470495,70.52,97,72.7,,,826,832.1,1,52,2
Lake,FCB62C73-8264-4098-B463-A36964FE2FEB,Vĩnh Sơn B,Kôn,Bình Định,2025-11-13 12:00,825.07,Len,,,,,,,,108.5827608,14.37470495,71.09,97,73.29,,,826,832.1,1,52,2
Lake,FCB62C73-8264-4098-B463-A36964FE2FEB,Vĩnh Sơn B,Kôn,Bình Định,2025-11-14 12:00,825.23,Len,,,,,,,,108.5827608,14.37470495,72.62,97,74.87,,,826,832.1,1,52,2
Lake,FCB62C73-8264-4098-B463-A36964FE2FEB,Vĩnh Sơn B,Kôn,Bình Định,2025-11-15 0:00,825.3,Len,,,,,,,,108.5827608,14.37470495,73.29,97,75.56,,,826,832.1,1,52,2
Lake,CA267D57-E633-4ABD-A43D-B4106595B734,Vĩnh Sơn C,Kôn,Bình Định,2025-11-09 12:00,979.74,Len,,,,,,,,,,29.64,58.7,50.49,,,981,986.4,1,52,2
Lake,CA267D57-E633-4ABD-A43D-B4106595B734,Vĩnh Sơn C,Kôn,Bình Định,2025-11-10 12:00,980,Len,,,,,,,,,,39.73,58.7,67.68,,,981,986.4,1,52,2
Lake,CA267D57-E633-4ABD-A43D-B4106595B734,Vĩnh Sơn C,Kôn,Bình Định,2025-11-11 12:00,980.22,Len,,,,,,,,,,31.68,58.7,53.97,,,981,986.4,1,52,2
Lake,CA267D57-E633-4ABD-A43D-B4106595B734,Vĩnh Sơn C,Kôn,Bình Định,2025-11-12 12:00,980.38,Len,,,,,,,,,,32.38,58.7,55.16,,,981,986.4,1,52,2
Lake,CA267D57-E633-4ABD-A43D-B4106595B734,Vĩnh Sơn C,Kôn,Bình Định,2025-11-13 12:00,980.46,Len,,,,,,,,,,32.73,58.7,55.76,,,981,986.4,1,52,2
Lake,CA267D57-E633-4ABD-A43D-B4106595B734,Vĩnh Sơn C,Kôn,Bình Định,2025-11-14 12:00,980.49,BinhThuong,,,,,,,,,,32.94,58.7,56.12,,4,981,986.4,1,52,2
Lake,CA267D57-E633-4ABD-A43D-B4106595B734,Vĩnh Sơn C,Kôn,Bình Định,2025-11-15 0:00,980.49,BinhThuong,,,,,,,,,,32.86,58.7,55.98,,4,981,986.4,1,52,2
Lake,ABDE13FC-9D8D-4580-915E-872D04F537C0,Vạn Hội,Kôn,Bình Định,2025-11-10 0:00,39.35,Len,,,,,,,,108.9030581,14.39860418,6.396,14.505,44.1,6.24,0,44,,1,52,2
Lake,ABDE13FC-9D8D-4580-915E-872D04F537C0,Vạn Hội,Kôn,Bình Định,2025-11-11 0:00,39.41,Len,,,,,,,,108.9030581,14.39860418,6.457,14.505,44.52,0.71,0,44,,1,52,2
Lake,ABDE13FC-9D8D-4580-915E-872D04F537C0,Vạn Hội,Kôn,Bình Định,2025-11-12 0:00,39.53,Len,,,,,,,,108.9030581,14.39860418,6.578,14.505,45.35,1.4,0,44,,1,52,2
Lake,ABDE13FC-9D8D-4580-915E-872D04F537C0,Vạn Hội,Kôn,Bình Định,2025-11-13 0:00,39.65,Len,,,,,,,,108.9030581,14.39860418,6.7,14.505,46.19,1.41,0,44,,1,52,2
Lake,ABDE13FC-9D8D-4580-915E-872D04F537C0,Vạn Hội,Kôn,Bình Định,2025-11-14 0:00,39.78,Len,,,,,,,,108.9030581,14.39860418,6.831,14.505,47.09,1.52,0,44,,1,52,2
Lake,ABDE13FC-9D8D-4580-915E-872D04F537C0,Vạn Hội,Kôn,Bình Định,2025-11-15 0:00,39.86,Len,,,,,,,,108.9030581,14.39860418,6.912,14.505,47.65,0.94,0,44,,1,52,2
Lake,F1463CBD-8F24-4613-9B85-FCDBF0DE2093,Xuân Bình,Kôn,Phú Yên,2025-11-09 0:00,77.6,BinhThuong,,,,,,,,109.1863198,13.54907905,7.68,6.43,119.440125,,,75.8,77.6,4,54,2
Lake,F1463CBD-8F24-4613-9B85-FCDBF0DE2093,Xuân Bình,Kôn,Phú Yên,2025-11-12 0:00,77.6,BinhThuong,,,,,,,,109.1863198,13.54907905,7.68,6.43,119.440125,,,75.8,77.6,4,54,2
Lake,F1463CBD-8F24-4613-9B85-FCDBF0DE2093,Xuân Bình,Kôn,Phú Yên,2025-11-12 0:00,77.6,BinhThuong,,,,,,,,109.1863198,13.54907905,7.68,6.43,119.440125,,,75.8,77.6,4,54,2
Lake,F1463CBD-8F24-4613-9B85-FCDBF0DE2093,Xuân Bình,Kôn,Phú Yên,2025-11-14 0:00,77.6,BinhThuong,,,,,,,,109.1863198,13.54907905,7.68,6.43,119.440125,,,75.8,77.6,4,54,2
Lake,F1463CBD-8F24-4613-9B85-FCDBF0DE2093,Xuân Bình,Kôn,Phú Yên,2025-11-14 0:00,77.6,BinhThuong,,,,,,,,109.1863198,13.54907905,7.68,6.43,119.440125,,,75.8,77.6,4,54,2
Lake,F1D203B8-ABBA-4AFC-BD77-5416A37B287C,Ông Lành,Kôn,Bình Định,2025-11-10 0:00,30.26,Len,,,,,,,,109.0825329,13.71583655,1.845,2.208,83.56,0.19,0,31.2,,1,52,2
Lake,F1D203B8-ABBA-4AFC-BD77-5416A37B287C,Ông Lành,Kôn,Bình Định,2025-11-11 0:00,30.3,Len,,,,,,,,109.0825329,13.71583655,1.86,2.208,84.24,0.17,0,31.2,,1,52,2
Lake,F1D203B8-ABBA-4AFC-BD77-5416A37B287C,Ông Lành,Kôn,Bình Định,2025-11-12 0:00,30.34,Len,,,,,,,,109.0825329,13.71583655,1.875,2.208,84.92,0.17,0,31.2,,1,52,2
Lake,F1D203B8-ABBA-4AFC-BD77-5416A37B287C,Ông Lành,Kôn,Bình Định,2025-11-13 0:00,30.38,Len,,,,,,,,109.0825329,13.71583655,1.89,2.208,85.6,0.17,0,31.2,,1,52,2
Lake,F1D203B8-ABBA-4AFC-BD77-5416A37B287C,Ông Lành,Kôn,Bình Định,2025-11-14 0:00,30.42,Len,,,,,,,,109.0825329,13.71583655,1.906,2.208,86.32,0.19,0,31.2,,1,52,2
Lake,F1D203B8-ABBA-4AFC-BD77-5416A37B287C,Ông Lành,Kôn,Bình Định,2025-11-15 0:00,30.46,Len,,,,,,,,109.0825329,13.71583655,1.921,2.208,87,0.17,0,31.2,,1,52,2
Lake,c9a8c4ca-f1bb-467f-82c4-0999294af8fc,Định Bình,Kôn,Bình Định,2025-11-09 0:00,81.93,Xuong,,,,,,,,108.7648149,14.20436634,115.912346,226.13,51.26,110,0,91.93,,1,52,2
Lake,c9a8c4ca-f1bb-467f-82c4-0999294af8fc,Định Bình,Kôn,Bình Định,2025-11-11 16:55,81.77,Xuong,,,,,,,,108.7648149,14.20436634,114.418228,226.13,50.6,7.5,0,91.93,,1,52,2
Lake,c9a8c4ca-f1bb-467f-82c4-0999294af8fc,Định Bình,Kôn,Bình Định,2025-11-12 16:55,81.64,Xuong,,,,,,,,108.7648149,14.20436634,113.204315,226.13,50.06,17,0,91.93,,1,52,2
Lake,c9a8c4ca-f1bb-467f-82c4-0999294af8fc,Định Bình,Kôn,Bình Định,2025-11-13 16:55,81.54,Xuong,,,,,,,,108.7648149,14.20436634,112.270531,226.13,49.65,88,0,91.93,,1,52,2
Lake,c9a8c4ca-f1bb-467f-82c4-0999294af8fc,Định Bình,Kôn,Bình Định,2025-11-14 16:55,81.49,Xuong,,,,,,,,108.7648149,14.20436634,111.8036,226.13,49.44,24.5,0,91.93,,1,52,2
Lake,c9a8c4ca-f1bb-467f-82c4-0999294af8fc,Định Bình,Kôn,Bình Định,2025-11-15 5:25,80.98,Xuong,,,,,,,,108.7648149,14.20436634,107.041275,226.13,47.34,124,0,91.93,,1,52,2
Lake,EEDFC387-B543-49EE-B354-D3D1DC9F2DAB,Hồ C19,Sê San,Kon Tum,2025-11-09 0:00,621.91,Len,,,,,,,,,,0.333836883,313,106.657158,,,621.5,622.6,3,62,4
Lake,EEDFC387-B543-49EE-B354-D3D1DC9F2DAB,Hồ C19,Sê San,Kon Tum,2025-11-11 0:00,621.91,BinhThuong,,,,,,,,,,0.333836883,313,106.657158,,,621.5,622.6,3,62,4
Lake,EEDFC387-B543-49EE-B354-D3D1DC9F2DAB,Hồ C19,Sê San,Kon Tum,2025-11-12 0:00,621.91,BinhThuong,,,,,,,,,,0.333836883,313,106.657158,,,621.5,622.6,3,62,4
Lake,EEDFC387-B543-49EE-B354-D3D1DC9F2DAB,Hồ C19,Sê San,Kon Tum,2025-11-13 0:00,621.91,BinhThuong,,,,,,,,,,0.333836883,313,106.657158,,,621.5,622.6,3,62,4
Lake,EEDFC387-B543-49EE-B354-D3D1DC9F2DAB,Hồ C19,Sê San,Kon Tum,2025-11-13 0:00,621.91,BinhThuong,,,,,,,,,,0.333836883,313,106.657158,,,621.5,622.6,3,62,4
Lake,EEDFC387-B543-49EE-B354-D3D1DC9F2DAB,Hồ C19,Sê San,Kon Tum,2025-11-13 0:00,621.91,BinhThuong,,,,,,,,,,0.333836883,313,106.657158,,,621.5,622.6,3,62,4
Lake,0A005B8A-B8FF-4914-A36F-32C120F76CA6,Hồ C4,Sê San,Kon Tum,2025-11-09 0:00,579.52,BinhThuong,,,,,,,,107.912219,14.48765,0.197069779,0.21,93.84276,,,579.5,579.9,3,62,4
Lake,0A005B8A-B8FF-4914-A36F-32C120F76CA6,Hồ C4,Sê San,Kon Tum,2025-11-11 0:00,579.52,BinhThuong,,,,,,,,107.912219,14.48765,0.197069779,0.21,93.84276,,,579.5,579.9,3,62,4
Lake,0A005B8A-B8FF-4914-A36F-32C120F76CA6,Hồ C4,Sê San,Kon Tum,2025-11-12 0:00,579.52,BinhThuong,,,,,,,,107.912219,14.48765,0.197069779,0.21,93.84276,,,579.5,579.9,3,62,4
Lake,0A005B8A-B8FF-4914-A36F-32C120F76CA6,Hồ C4,Sê San,Kon Tum,2025-11-13 0:00,579.52,BinhThuong,,,,,,,,107.912219,14.48765,0.197069779,0.21,93.84276,,,579.5,579.9,3,62,4
Lake,0A005B8A-B8FF-4914-A36F-32C120F76CA6,Hồ C4,Sê San,Kon Tum,2025-11-13 0:00,579.52,BinhThuong,,,,,,,,107.912219,14.48765,0.197069779,0.21,93.84276,,,579.5,579.9,3,62,4
Lake,0A005B8A-B8FF-4914-A36F-32C120F76CA6,Hồ C4,Sê San,Kon Tum,2025-11-13 0:00,579.52,BinhThuong,,,,,,,,107.912219,14.48765,0.197069779,0.21,93.84276,,,579.5,579.9,3,62,4
Lake,a3de7b20-a89c-4d49-87e6-0b7f7063cd41,Ia Glai,Sê San,Gia Lai,2025-11-10 0:00,575.2,BinhThuong,,,,,,,,108.0333333,13.7833258,3.35111475,3.6,93.086525,,,576,577.5,1,64,4
Lake,a3de7b20-a89c-4d49-87e6-0b7f7063cd41,Ia Glai,Sê San,Gia Lai,2025-11-10 0:00,575.2,BinhThuong,,,,,,,,108.0333333,13.7833258,3.35111475,3.6,93.086525,,,576,577.5,1,64,4
Lake,a3de7b20-a89c-4d49-87e6-0b7f7063cd41,Ia Glai,Sê San,Gia Lai,2025-11-10 0:00,575.2,BinhThuong,,,,,,,,108.0333333,13.7833258,3.35111475,3.6,93.086525,,,576,577.5,1,64,4
Lake,a3de7b20-a89c-4d49-87e6-0b7f7063cd41,Ia Glai,Sê San,Gia Lai,2025-11-12 0:00,576,Len,,,,,,,,108.0333333,13.7833258,3.6,3.6,100,,,576,577.5,1,64,4
Lake,a3de7b20-a89c-4d49-87e6-0b7f7063cd41,Ia Glai,Sê San,Gia Lai,2025-11-12 0:00,576,Len,,,,,,,,108.0333333,13.7833258,3.6,3.6,100,,,576,577.5,1,64,4
Lake,a3de7b20-a89c-4d49-87e6-0b7f7063cd41,Ia Glai,Sê San,Gia Lai,2025-11-12 0:00,576,Len,,,,,,,,108.0333333,13.7833258,3.6,3.6,100,,,576,577.5,1,64,4
Lake,909C856D-E155-49D2-98CE-384570B0D898,Ia Hrung,Sê San,Gia Lai,2025-11-09 12:00,628.75,Xuong,,,,,,,,107.8833333,14.19996539,1.8675,2.09,89.35407,,,629.7,630.6,1,64,4
Lake,909C856D-E155-49D2-98CE-384570B0D898,Ia Hrung,Sê San,Gia Lai,2025-11-10 0:00,628.74,Xuong,,,,,,,,107.8833333,14.19996539,1.86499751,2.09,89.23434,,,629.7,630.6,1,64,4
Lake,909C856D-E155-49D2-98CE-384570B0D898,Ia Hrung,Sê San,Gia Lai,2025-11-11 0:00,628.85,Len,,,,,,,,107.8833333,14.19996539,1.89249384,2.09,90.54995,,,629.7,630.6,1,64,4
Lake,909C856D-E155-49D2-98CE-384570B0D898,Ia Hrung,Sê San,Gia Lai,2025-11-12 0:00,629.4,Len,,,,,,,,107.8833333,14.19996539,2.02600574,2.09,96.93808,,,629.7,630.6,1,64,4
Lake,909C856D-E155-49D2-98CE-384570B0D898,Ia Hrung,Sê San,Gia Lai,2025-11-13 0:00,629.7,BinhThuong,,,,,,,,107.8833333,14.19996539,2.098003,2.09,100.382919,,,629.7,630.6,1,64,4
Lake,909C856D-E155-49D2-98CE-384570B0D898,Ia Hrung,Sê San,Gia Lai,2025-11-14 0:00,629.7,BinhThuong,,,,,,,,107.8833333,14.19996539,2.098003,2.09,100.382919,,,629.7,630.6,1,64,4
Lake,909C856D-E155-49D2-98CE-384570B0D898,Ia Hrung,Sê San,Gia Lai,2025-11-14 0:00,629.7,BinhThuong,,,,,,,,107.8833333,14.19996539,2.098003,2.09,100.382919,,,629.7,630.6,1,64,4
Lake,545B2C88-D719-42F1-8663-A1E796F44C14,Ialy,Sê San,Kon Tum,2025-11-09 10:00,514.32,BinhThuong,,,,,,,,107.8458502,14.281037,998.94,1037.09,96.32,,11,515,517.86,1,62,4
Lake,545B2C88-D719-42F1-8663-A1E796F44C14,Ialy,Sê San,Kon Tum,2025-11-10 10:00,514.38,Xuong,,,,,,,,107.8458502,14.281037,1022.38556,1037.09,98.58,,11,515,517.86,1,62,4
Lake,545B2C88-D719-42F1-8663-A1E796F44C14,Ialy,Sê San,Kon Tum,2025-11-11 10:00,514.58,Len,,,,,,,,107.8458502,14.281037,1013.43,1037.09,97.72,,1,515,517.86,1,62,4
Lake,545B2C88-D719-42F1-8663-A1E796F44C14,Ialy,Sê San,Kon Tum,2025-11-14 10:00,514.86,Xuong,,,,,,,,107.8458502,14.281037,1029.17,1037.09,99.24,,22,515,517.86,1,62,4
Lake,545B2C88-D719-42F1-8663-A1E796F44C14,Ialy,Sê San,Kon Tum,2025-11-15 0:00,514.81,Xuong,,,,,,,,107.8458502,14.281037,1026.349,1037.09,98.96,,22,515,517.86,1,62,4
Lake,5F924195-253D-4737-8E76-0BFC60DDD291,Kon Tu Zốp,Sê San,Kon Tum,2025-11-09 0:00,650.03,BinhThuong,,,,,,,,107.810109,14.561801,0.4875382,0.5,97.50764,,,650,652.14,3,62,4
Lake,5F924195-253D-4737-8E76-0BFC60DDD291,Kon Tu Zốp,Sê San,Kon Tum,2025-11-11 0:00,650.03,BinhThuong,,,,,,,,107.810109,14.561801,0.4875382,0.5,97.50764,,,650,652.14,3,62,4
Lake,5F924195-253D-4737-8E76-0BFC60DDD291,Kon Tu Zốp,Sê San,Kon Tum,2025-11-12 0:00,650.03,BinhThuong,,,,,,,,107.810109,14.561801,0.4875382,0.5,97.50764,,,650,652.14,3,62,4
Lake,5F924195-253D-4737-8E76-0BFC60DDD291,Kon Tu Zốp,Sê San,Kon Tum,2025-11-13 0:00,650.03,BinhThuong,,,,,,,,107.810109,14.561801,0.4875382,0.5,97.50764,,,650,652.14,3,62,4
Lake,5F924195-253D-4737-8E76-0BFC60DDD291,Kon Tu Zốp,Sê San,Kon Tum,2025-11-13 0:00,650.03,BinhThuong,,,,,,,,107.810109,14.561801,0.4875382,0.5,97.50764,,,650,652.14,3,62,4
Lake,5F924195-253D-4737-8E76-0BFC60DDD291,Kon Tu Zốp,Sê San,Kon Tum,2025-11-13 0:00,650.03,BinhThuong,,,,,,,,107.810109,14.561801,0.4875382,0.5,97.50764,,,650,652.14,3,62,4
Lake,467D6521-FEAE-40F3-BC73-8E4B0B1F598F,Pleikrông,Sê San,Kon Tum,2025-11-09 12:00,570,Len,,,,,,,,107.85951,14.42342154,1048.69,1048.7,100,,162,570,573.4,1,62,4
Lake,467D6521-FEAE-40F3-BC73-8E4B0B1F598F,Pleikrông,Sê San,Kon Tum,2025-11-10 12:00,570,Len,,,,,,,,107.85951,14.42342154,1048.69,1048.7,100,,106,570,573.4,1,62,4
Lake,467D6521-FEAE-40F3-BC73-8E4B0B1F598F,Pleikrông,Sê San,Kon Tum,2025-11-11 12:00,569.97,Xuong,,,,,,,,107.85951,14.42342154,1047.17688,1048.7,99.85,,108,570,573.4,1,62,4
Lake,467D6521-FEAE-40F3-BC73-8E4B0B1F598F,Pleikrông,Sê San,Kon Tum,2025-11-12 12:00,569.98,BinhThuong,,,,,,,,107.85951,14.42342154,1047.68115,1048.7,99.9,,20,570,573.4,1,62,4
Lake,467D6521-FEAE-40F3-BC73-8E4B0B1F598F,Pleikrông,Sê San,Kon Tum,2025-11-13 12:00,570,BinhThuong,,,,,,,,107.85951,14.42342154,1048.69,1048.7,100,,45,570,573.4,1,62,4
Lake,467D6521-FEAE-40F3-BC73-8E4B0B1F598F,Pleikrông,Sê San,Kon Tum,2025-11-14 12:00,570,BinhThuong,,,,,,,,107.85951,14.42342154,1048.69,1048.7,100,,53,570,573.4,1,62,4
Lake,467D6521-FEAE-40F3-BC73-8E4B0B1F598F,Pleikrông,Sê San,Kon Tum,2025-11-15 0:00,569.99,Xuong,,,,,,,,107.85951,14.42342154,1048.18555,1048.7,99.95,,53,570,573.4,1,62,4
Lake,53e42d94-1faa-4029-93f0-739f8f5da487,SeSan4,Sê San,Gia Lai,2025-11-09 12:00,214.44,Xuong,,,,,,,,107.6597426,14.08006241,863.749756,893.3,96.69,,112,215,217.86,1,64,4
Lake,53e42d94-1faa-4029-93f0-739f8f5da487,SeSan4,Sê San,Gia Lai,2025-11-10 12:00,214.43,BinhThuong,,,,,,,,107.6597426,14.08006241,863.2208,893.3,96.63,,112,215,217.86,1,64,4
Lake,53e42d94-1faa-4029-93f0-739f8f5da487,SeSan4,Sê San,Gia Lai,2025-11-11 12:00,214.5,BinhThuong,,,,,,,,107.6597426,14.08006241,866.920044,893.3,97.05,,448,215,217.86,1,64,4
Lake,53e42d94-1faa-4029-93f0-739f8f5da487,SeSan4,Sê San,Gia Lai,2025-11-12 12:00,214.46,BinhThuong,,,,,,,,107.6597426,14.08006241,864.806763,893.3,96.81,,448,215,217.86,1,64,4
Lake,53e42d94-1faa-4029-93f0-739f8f5da487,SeSan4,Sê San,Gia Lai,2025-11-13 12:00,214.5,BinhThuong,,,,,,,,107.6597426,14.08006241,866.920044,893.3,97.05,,224,215,217.86,1,64,4
Lake,53e42d94-1faa-4029-93f0-739f8f5da487,SeSan4,Sê San,Gia Lai,2025-11-14 12:00,214.5,BinhThuong,,,,,,,,107.6597426,14.08006241,866.920044,893.3,97.05,,224,215,217.86,1,64,4
Lake,53e42d94-1faa-4029-93f0-739f8f5da487,SeSan4,Sê San,Gia Lai,2025-11-15 0:00,214.5,BinhThuong,,,,,,,,107.6597426,14.08006241,866.920044,893.3,97.05,,224,215,217.86,1,64,4
Lake,6026C1D2-97B1-40CA-B639-8E6FEF5ECEC1,Sê San 3,Sê San,Gia Lai,2025-11-09 12:00,304.5,Len,,,,,,,,107.71971,14.21715027,86.7,86.7,100,,60,304.5,309.2,1,64,4
Lake,6026C1D2-97B1-40CA-B639-8E6FEF5ECEC1,Sê San 3,Sê San,Gia Lai,2025-11-10 12:00,304.5,Len,,,,,,,,107.71971,14.21715027,86.7,86.7,100,,134,304.5,309.2,1,64,4
Lake,6026C1D2-97B1-40CA-B639-8E6FEF5ECEC1,Sê San 3,Sê San,Gia Lai,2025-11-11 12:00,303.4,Xuong,,,,,,,,107.71971,14.21715027,83.404,86.7,96.2,,16,304.5,309.2,1,64,4
Lake,6026C1D2-97B1-40CA-B639-8E6FEF5ECEC1,Sê San 3,Sê San,Gia Lai,2025-11-12 12:00,303.41,Len,,,,,,,,107.71971,14.21715027,83.43001,86.7,96.23,,10,304.5,309.2,1,64,4
Lake,6026C1D2-97B1-40CA-B639-8E6FEF5ECEC1,Sê San 3,Sê San,Gia Lai,2025-11-13 12:00,304.5,Len,,,,,,,,107.71971,14.21715027,86.7,86.7,100,,15,304.5,309.2,1,64,4
Lake,6026C1D2-97B1-40CA-B639-8E6FEF5ECEC1,Sê San 3,Sê San,Gia Lai,2025-11-14 12:00,304.38,Len,,,,,,,,107.71971,14.21715027,86.34001,86.7,99.58,,10,304.5,309.2,1,64,4
Lake,6026C1D2-97B1-40CA-B639-8E6FEF5ECEC1,Sê San 3,Sê San,Gia Lai,2025-11-15 0:00,304.5,BinhThuong,,,,,,,,107.71971,14.21715027,86.7,86.7,100,,40,304.5,309.2,1,64,4
Lake,D0C28BB9-FE47-4BC2-B0DB-445038C1D1C5,Hinh,Sê San,Phú Yên,2025-11-09 16:00,205.442,Len,,,,,,,,108.9658325,12.88126899,231.486862,357,64.84,110,20,209,,1,54,4
Lake,D0C28BB9-FE47-4BC2-B0DB-445038C1D1C5,Hinh,Sê San,Phú Yên,2025-11-10 13:00,205.512,Len,,,,,,,,108.9658325,12.88126899,234.065933,357,65.56,90,20,209,,1,54,4
Lake,D0C28BB9-FE47-4BC2-B0DB-445038C1D1C5,Hinh,Sê San,Phú Yên,2025-11-11 13:00,205.579,Len,,,,,,,,108.9658325,12.88126899,236.53479,357,66.26,80,20,209,,1,54,4
Lake,D0C28BB9-FE47-4BC2-B0DB-445038C1D1C5,Hinh,Sê San,Phú Yên,2025-11-12 12:00,205.61,BinhThuong,,,,,,,,108.9658325,12.88126899,237.6773,357,66.58,80,20,209,,1,54,4
Lake,D0C28BB9-FE47-4BC2-B0DB-445038C1D1C5,Hinh,Sê San,Phú Yên,2025-11-13 12:00,205.63,BinhThuong,,,,,,,,108.9658325,12.88126899,23.756,357,6.65,80,0,209,,1,54,4
Lake,D0C28BB9-FE47-4BC2-B0DB-445038C1D1C5,Hinh,Sê San,Phú Yên,2025-11-14 12:00,205.64,Len,,,,,,,,108.9658325,12.88126899,236.069,357,66.13,80,0,209,,1,54,4
Lake,D0C28BB9-FE47-4BC2-B0DB-445038C1D1C5,Hinh,Sê San,Phú Yên,2025-11-15 4:00,205.639,BinhThuong,,,,,,,,108.9658325,12.88126899,238.746155,357,66.88,80,20,209,,1,54,4
Lake,4006E5A9-4E5A-4A46-AC19-35F1233E6B4A,Thượng Kon Tum,Sê San,Kon Tum,2025-11-08 23:00,1158.2,Len,,,,,,,,,,134.773712,145.5,92.63,55.47,12.57,1160,,1,62,4
Lake,4006E5A9-4E5A-4A46-AC19-35F1233E6B4A,Thượng Kon Tum,Sê San,Kon Tum,2025-11-10 6:00,1158.69,Len,,,,,,,,,,137.698959,145.5,94.64,49.08,12.57,1160,,1,62,4
Lake,4006E5A9-4E5A-4A46-AC19-35F1233E6B4A,Thượng Kon Tum,Sê San,Kon Tum,2025-11-11 11:00,1159,Len,,,,,,,,,,139.55,145.5,95.91,51.86,12.57,1160,,1,62,4
Lake,4006E5A9-4E5A-4A46-AC19-35F1233E6B4A,Thượng Kon Tum,Sê San,Kon Tum,2025-11-12 12:00,1159.17,Len,,,,,,,,,,140.56517,145.5,96.61,49.92,12.57,1160,,1,62,4
Lake,4006E5A9-4E5A-4A46-AC19-35F1233E6B4A,Thượng Kon Tum,Sê San,Kon Tum,2025-11-13 6:00,1159.29,Len,,,,,,,,,,141.28154,145.5,97.1,40.44,10.41,1160,,1,62,4
Lake,4006E5A9-4E5A-4A46-AC19-35F1233E6B4A,Thượng Kon Tum,Sê San,Kon Tum,2025-11-14 0:00,1159.41,Len,,,,,,,,,,141.99791,145.5,97.59,44.99,10.41,1160,,1,62,4
Lake,4006E5A9-4E5A-4A46-AC19-35F1233E6B4A,Thượng Kon Tum,Sê San,Kon Tum,2025-11-15 0:00,1159.55,Len,,,,,,,,,,142.8338,145.5,98.17,44.98,10.41,1160,,1,62,4
Lake,09AE1A19-7C41-4D26-902D-4D207407AED4,Đăk Kan,Sê San,Kon Tum,2025-11-09 0:00,648.14,Xuong,,,,,,,,107.647351,14.63584396,1.90280759,1.83,103.978554,,,648,649.64,3,62,4
Lake,09AE1A19-7C41-4D26-902D-4D207407AED4,Đăk Kan,Sê San,Kon Tum,2025-11-11 0:00,648.13,Xuong,,,,,,,,107.647351,14.63584396,1.89760256,1.83,103.694122,,,648,649.64,3,62,4
Lake,09AE1A19-7C41-4D26-902D-4D207407AED4,Đăk Kan,Sê San,Kon Tum,2025-11-12 0:00,648.12,Xuong,,,,,,,,107.647351,14.63584396,1.89239752,1.83,103.4097,,,648,649.64,3,62,4
Lake,09AE1A19-7C41-4D26-902D-4D207407AED4,Đăk Kan,Sê San,Kon Tum,2025-11-13 0:00,648.11,Xuong,,,,,,,,107.647351,14.63584396,1.88719237,1.83,103.125267,,,648,649.64,3,62,4
Lake,09AE1A19-7C41-4D26-902D-4D207407AED4,Đăk Kan,Sê San,Kon Tum,2025-11-13 0:00,648.11,Xuong,,,,,,,,107.647351,14.63584396,1.88719237,1.83,103.125267,,,648,649.64,3,62,4
Lake,09AE1A19-7C41-4D26-902D-4D207407AED4,Đăk Kan,Sê San,Kon Tum,2025-11-13 0:00,648.11,Xuong,,,,,,,,107.647351,14.63584396,1.88719237,1.83,103.125267,,,648,649.64,3,62,4
Lake,52ED2F6D-49A6-4E55-AA3D-35DBB5763DB9,Đăk Sờ Rệt,Sê San,Kon Tum,2025-11-09 0:00,654.33,Len,,,,,,,,,,0.229413375,273,84.0342,,,654.77,655.1,1,62,4
Lake,52ED2F6D-49A6-4E55-AA3D-35DBB5763DB9,Đăk Sờ Rệt,Sê San,Kon Tum,2025-11-11 0:00,654.33,BinhThuong,,,,,,,,,,0.229413375,273,84.0342,,,654.77,655.1,1,62,4
Lake,52ED2F6D-49A6-4E55-AA3D-35DBB5763DB9,Đăk Sờ Rệt,Sê San,Kon Tum,2025-11-12 0:00,654.33,BinhThuong,,,,,,,,,,0.229413375,273,84.0342,,,654.77,655.1,1,62,4
Lake,52ED2F6D-49A6-4E55-AA3D-35DBB5763DB9,Đăk Sờ Rệt,Sê San,Kon Tum,2025-11-13 0:00,654.33,BinhThuong,,,,,,,,,,0.229413375,273,84.0342,,,654.77,655.1,1,62,4
Lake,52ED2F6D-49A6-4E55-AA3D-35DBB5763DB9,Đăk Sờ Rệt,Sê San,Kon Tum,2025-11-13 0:00,654.33,BinhThuong,,,,,,,,,,0.229413375,273,84.0342,,,654.77,655.1,1,62,4
Lake,52ED2F6D-49A6-4E55-AA3D-35DBB5763DB9,Đăk Sờ Rệt,Sê San,Kon Tum,2025-11-13 0:00,654.33,BinhThuong,,,,,,,,,,0.229413375,273,84.0342,,,654.77,655.1,1,62,4
Lake,E97324D6-A1DE-4E53-AA5C-9E4B305F45B7,An Thọ,Trà Khúc,Quảng Ngãi,2025-11-10 0:00,26.8,Len,,,,,,,,108.936053,14.79207996,2.404482,2.69,89.38594,,,27.3,28.4,1,51,5
Lake,E97324D6-A1DE-4E53-AA5C-9E4B305F45B7,An Thọ,Trà Khúc,Quảng Ngãi,2025-11-10 0:00,26.8,Len,,,,,,,,108.936053,14.79207996,2.404482,2.69,89.38594,,,27.3,28.4,1,51,5
Lake,E97324D6-A1DE-4E53-AA5C-9E4B305F45B7,An Thọ,Trà Khúc,Quảng Ngãi,2025-11-12 0:00,26.9,Len,,,,,,,,108.936053,14.79207996,2.453368,2.69,91.20327,,,27.3,28.4,1,51,5
Lake,E97324D6-A1DE-4E53-AA5C-9E4B305F45B7,An Thọ,Trà Khúc,Quảng Ngãi,2025-11-12 0:00,26.9,Len,,,,,,,,108.936053,14.79207996,2.453368,2.69,91.20327,,,27.3,28.4,1,51,5
Lake,E97324D6-A1DE-4E53-AA5C-9E4B305F45B7,An Thọ,Trà Khúc,Quảng Ngãi,2025-11-14 0:00,26.96,Len,,,,,,,,108.936053,14.79207996,2.48269916,2.69,92.29365,,,27.3,28.4,1,51,5
Lake,E97324D6-A1DE-4E53-AA5C-9E4B305F45B7,An Thọ,Trà Khúc,Quảng Ngãi,2025-11-14 0:00,26.96,Len,,,,,,,,108.936053,14.79207996,2.48269916,2.69,92.29365,,,27.3,28.4,1,51,5
Lake,169521E7-8279-474A-BFFE-5F81FFD3CC51,Cây Sanh,Trà Khúc,Quảng Ngãi,2025-11-10 0:00,26.71,Len,,,,,,,,,,0.6841439,0.65,105.252914,,,26.7,28.2,3,51,5
Lake,169521E7-8279-474A-BFFE-5F81FFD3CC51,Cây Sanh,Trà Khúc,Quảng Ngãi,2025-11-10 0:00,26.71,Len,,,,,,,,,,0.6841439,0.65,105.252914,,,26.7,28.2,3,51,5
Lake,169521E7-8279-474A-BFFE-5F81FFD3CC51,Cây Sanh,Trà Khúc,Quảng Ngãi,2025-11-12 0:00,26.76,Len,,,,,,,,,,0.690464,0.65,106.225235,,,26.7,28.2,3,51,5
Lake,169521E7-8279-474A-BFFE-5F81FFD3CC51,Cây Sanh,Trà Khúc,Quảng Ngãi,2025-11-12 0:00,26.76,Len,,,,,,,,,,0.690464,0.65,106.225235,,,26.7,28.2,3,51,5
Lake,169521E7-8279-474A-BFFE-5F81FFD3CC51,Cây Sanh,Trà Khúc,Quảng Ngãi,2025-11-14 0:00,26.75,Xuong,,,,,,,,,,0.6892,0.65,106.030769,,,26.7,28.2,3,51,5
Lake,169521E7-8279-474A-BFFE-5F81FFD3CC51,Cây Sanh,Trà Khúc,Quảng Ngãi,2025-11-14 0:00,26.75,Xuong,,,,,,,,,,0.6892,0.65,106.030769,,,26.7,28.2,3,51,5
Lake,F0F0EC2B-29F6-46E4-A39B-8A7B23F3497F,Diên Trường,Trà Khúc,Quảng Ngãi,2025-11-10 0:00,15.77,Xuong,,,,,,,,109.0171647,14.70805146,2.45501018,4.43,55.41784,,,18.7,19.76,1,51,5
Lake,F0F0EC2B-29F6-46E4-A39B-8A7B23F3497F,Diên Trường,Trà Khúc,Quảng Ngãi,2025-11-10 0:00,15.77,Xuong,,,,,,,,109.0171647,14.70805146,2.45501018,4.43,55.41784,,,18.7,19.76,1,51,5
Lake,F0F0EC2B-29F6-46E4-A39B-8A7B23F3497F,Diên Trường,Trà Khúc,Quảng Ngãi,2025-11-12 0:00,16.4,Len,,,,,,,,109.0171647,14.70805146,2.82339978,4.43,63.7336273,,,18.7,19.76,1,51,5
Lake,F0F0EC2B-29F6-46E4-A39B-8A7B23F3497F,Diên Trường,Trà Khúc,Quảng Ngãi,2025-11-12 0:00,16.4,Len,,,,,,,,109.0171647,14.70805146,2.82339978,4.43,63.7336273,,,18.7,19.76,1,51,5
Lake,F0F0EC2B-29F6-46E4-A39B-8A7B23F3497F,Diên Trường,Trà Khúc,Quảng Ngãi,2025-11-14 0:00,16.87,Len,,,,,,,,109.0171647,14.70805146,3.11762047,4.43,70.37518,,,18.7,19.76,1,51,5
Lake,F0F0EC2B-29F6-46E4-A39B-8A7B23F3497F,Diên Trường,Trà Khúc,Quảng Ngãi,2025-11-14 0:00,16.87,Len,,,,,,,,109.0171647,14.70805146,3.11762047,4.43,70.37518,,,18.7,19.76,1,51,5
Lake,9F9D856D-932E-4EB0-A701-04DD3BE5F159,Huân Phong,Trà Khúc,Quảng Ngãi,2025-11-10 0:00,33.15,Len,,,,,,,,108.9832037,14.70415101,1.75200069,1.9,92.21056,,,33.5,34.5,1,51,5
Lake,9F9D856D-932E-4EB0-A701-04DD3BE5F159,Huân Phong,Trà Khúc,Quảng Ngãi,2025-11-10 0:00,33.15,Len,,,,,,,,108.9832037,14.70415101,1.75200069,1.9,92.21056,,,33.5,34.5,1,51,5
Lake,9F9D856D-932E-4EB0-A701-04DD3BE5F159,Huân Phong,Trà Khúc,Quảng Ngãi,2025-11-12 0:00,33.25,Len,,,,,,,,108.9832037,14.70415101,1.794,1.9,94.42106,,,33.5,34.5,1,51,5
Lake,9F9D856D-932E-4EB0-A701-04DD3BE5F159,Huân Phong,Trà Khúc,Quảng Ngãi,2025-11-12 0:00,33.25,Len,,,,,,,,108.9832037,14.70415101,1.794,1.9,94.42106,,,33.5,34.5,1,51,5
Lake,9F9D856D-932E-4EB0-A701-04DD3BE5F159,Huân Phong,Trà Khúc,Quảng Ngãi,2025-11-14 0:00,33.3,Len,,,,,,,,108.9832037,14.70415101,1.8149997,1.9,95.5263,,,33.5,34.5,1,51,5
Lake,9F9D856D-932E-4EB0-A701-04DD3BE5F159,Huân Phong,Trà Khúc,Quảng Ngãi,2025-11-14 0:00,33.3,Len,,,,,,,,108.9832037,14.70415101,1.8149997,1.9,95.5263,,,33.5,34.5,1,51,5
Lake,EE2763B9-A1FD-464F-B499-DE81BCDE2D37,Hóc Xoài,Trà Khúc,Quảng Ngãi,2025-11-10 0:00,46.26,Len,,,,,,,,108.6943716,15.08731638,1.56605291,1.55,101.035675,,,46.2,49.29,3,51,5
Lake,EE2763B9-A1FD-464F-B499-DE81BCDE2D37,Hóc Xoài,Trà Khúc,Quảng Ngãi,2025-11-10 0:00,46.26,Len,,,,,,,,108.6943716,15.08731638,1.56605291,1.55,101.035675,,,46.2,49.29,3,51,5
Lake,EE2763B9-A1FD-464F-B499-DE81BCDE2D37,Hóc Xoài,Trà Khúc,Quảng Ngãi,2025-11-12 0:00,46.24,Xuong,,,,,,,,108.6943716,15.08731638,1.56148958,1.55,100.741264,,,46.2,49.29,3,51,5
Lake,EE2763B9-A1FD-464F-B499-DE81BCDE2D37,Hóc Xoài,Trà Khúc,Quảng Ngãi,2025-11-12 0:00,46.24,Xuong,,,,,,,,108.6943716,15.08731638,1.56148958,1.55,100.741264,,,46.2,49.29,3,51,5
Lake,EE2763B9-A1FD-464F-B499-DE81BCDE2D37,Hóc Xoài,Trà Khúc,Quảng Ngãi,2025-11-14 0:00,46.24,BinhThuong,,,,,,,,108.6943716,15.08731638,1.56148958,1.55,100.741264,,,46.2,49.29,3,51,5
Lake,EE2763B9-A1FD-464F-B499-DE81BCDE2D37,Hóc Xoài,Trà Khúc,Quảng Ngãi,2025-11-14 0:00,46.24,BinhThuong,,,,,,,,108.6943716,15.08731638,1.56148958,1.55,100.741264,,,46.2,49.29,3,51,5
Lake,6F03EE4E-0B59-4D0D-A6DE-B216A371EC7A,Hố Quýt,Trà Khúc,Quảng Ngãi,2025-11-10 0:00,35.17,BinhThuong,,,,,,,,,,0.963329732,0.96,100.346848,,,35.17,36.65,1,51,5
Lake,6F03EE4E-0B59-4D0D-A6DE-B216A371EC7A,Hố Quýt,Trà Khúc,Quảng Ngãi,2025-11-10 0:00,35.17,BinhThuong,,,,,,,,,,0.963329732,0.96,100.346848,,,35.17,36.65,1,51,5
Lake,6F03EE4E-0B59-4D0D-A6DE-B216A371EC7A,Hố Quýt,Trà Khúc,Quảng Ngãi,2025-11-12 0:00,35.17,BinhThuong,,,,,,,,,,0.963329732,0.96,100.346848,,,35.17,36.65,1,51,5
Lake,6F03EE4E-0B59-4D0D-A6DE-B216A371EC7A,Hố Quýt,Trà Khúc,Quảng Ngãi,2025-11-12 0:00,35.17,BinhThuong,,,,,,,,,,0.963329732,0.96,100.346848,,,35.17,36.65,1,51,5
Lake,6F03EE4E-0B59-4D0D-A6DE-B216A371EC7A,Hố Quýt,Trà Khúc,Quảng Ngãi,2025-11-14 0:00,35.17,BinhThuong,,,,,,,,,,0.963329732,0.96,100.346848,,,35.17,36.65,1,51,5
Lake,6F03EE4E-0B59-4D0D-A6DE-B216A371EC7A,Hố Quýt,Trà Khúc,Quảng Ngãi,2025-11-14 0:00,35.17,BinhThuong,,,,,,,,,,0.963329732,0.96,100.346848,,,35.17,36.65,1,51,5
Lake,866BF699-33B8-474F-8D5A-57BFFDA790C0,Mạch Điểu,Trà Khúc,Quảng Ngãi,2025-11-10 0:00,26.73,Len,,,,,,,,108.8181463,14.94217082,2.29476786,2.27,101.091095,,,26.69,28.17,3,51,5
Lake,866BF699-33B8-474F-8D5A-57BFFDA790C0,Mạch Điểu,Trà Khúc,Quảng Ngãi,2025-11-10 0:00,26.73,Len,,,,,,,,108.8181463,14.94217082,2.29476786,2.27,101.091095,,,26.69,28.17,3,51,5
Lake,866BF699-33B8-474F-8D5A-57BFFDA790C0,Mạch Điểu,Trà Khúc,Quảng Ngãi,2025-11-12 0:00,26.73,BinhThuong,,,,,,,,108.8181463,14.94217082,2.29476786,2.27,101.091095,,,26.69,28.17,3,51,5
Lake,866BF699-33B8-474F-8D5A-57BFFDA790C0,Mạch Điểu,Trà Khúc,Quảng Ngãi,2025-11-12 0:00,26.73,BinhThuong,,,,,,,,108.8181463,14.94217082,2.29476786,2.27,101.091095,,,26.69,28.17,3,51,5
Lake,866BF699-33B8-474F-8D5A-57BFFDA790C0,Mạch Điểu,Trà Khúc,Quảng Ngãi,2025-11-14 0:00,26.72,Xuong,,,,,,,,108.8181463,14.94217082,2.290195,2.27,100.889648,,,26.69,28.17,3,51,5
Lake,866BF699-33B8-474F-8D5A-57BFFDA790C0,Mạch Điểu,Trà Khúc,Quảng Ngãi,2025-11-14 0:00,26.72,Xuong,,,,,,,,108.8181463,14.94217082,2.290195,2.27,100.889648,,,26.69,28.17,3,51,5
Lake,A71853B0-E808-4A3A-A168-9305C0044AC9,Núi Ngang,Trà Khúc,Quảng Ngãi,2025-11-10 0:00,57.1,Len,,,,,,,,108.8142966,14.80947759,12.45,21.07,59.0887527,,,61,63.3,1,51,5
Lake,A71853B0-E808-4A3A-A168-9305C0044AC9,Núi Ngang,Trà Khúc,Quảng Ngãi,2025-11-10 0:00,57.1,Len,,,,,,,,108.8142966,14.80947759,12.45,21.07,59.0887527,,,61,63.3,1,51,5
Lake,A71853B0-E808-4A3A-A168-9305C0044AC9,Núi Ngang,Trà Khúc,Quảng Ngãi,2025-11-12 0:00,57.39,Len,,,,,,,,108.8142966,14.80947759,12.9819965,21.07,61.6136551,,,61,63.3,1,51,5
Lake,A71853B0-E808-4A3A-A168-9305C0044AC9,Núi Ngang,Trà Khúc,Quảng Ngãi,2025-11-12 0:00,57.39,Len,,,,,,,,108.8142966,14.80947759,12.9819965,21.07,61.6136551,,,61,63.3,1,51,5
Lake,A71853B0-E808-4A3A-A168-9305C0044AC9,Núi Ngang,Trà Khúc,Quảng Ngãi,2025-11-14 0:00,57.58,Len,,,,,,,,108.8142966,14.80947759,13.3340054,21.07,63.284317,,,61,63.3,1,51,5
Lake,A71853B0-E808-4A3A-A168-9305C0044AC9,Núi Ngang,Trà Khúc,Quảng Ngãi,2025-11-14 0:00,57.58,Len,,,,,,,,108.8142966,14.80947759,13.3340054,21.07,63.284317,,,61,63.3,1,51,5
Lake,929f34bb-4d88-4364-8882-4099e75bcfd5,Nước Trong,Trà Khúc,Quảng Ngãi,2025-11-09 16:55,121.542,Len,,,,,,,,108.427372,15.07574414,205.534958,289.5,71,102.800842,55.39,129.5,130,1,51,5
Lake,929f34bb-4d88-4364-8882-4099e75bcfd5,Nước Trong,Trà Khúc,Quảng Ngãi,2025-11-10 16:55,121.874,Len,,,,,,,,108.427372,15.07574414,208.815125,289.5,72.13,92.12933,55.62,129.5,130,1,51,5
Lake,929f34bb-4d88-4364-8882-4099e75bcfd5,Nước Trong,Trà Khúc,Quảng Ngãi,2025-11-11 16:55,122.106,Len,,,,,,,,108.427372,15.07574414,211.1073,289.5,72.92,81.17158,56.05,129.5,130,1,51,5
Lake,929f34bb-4d88-4364-8882-4099e75bcfd5,Nước Trong,Trà Khúc,Quảng Ngãi,2025-11-12 16:55,122.276,BinhThuong,,,,,,,,108.427372,15.07574414,212.7869,289.5,73.5,69.555336,55.12,129.5,130,1,51,5
Lake,929f34bb-4d88-4364-8882-4099e75bcfd5,Nước Trong,Trà Khúc,Quảng Ngãi,2025-11-13 16:55,122.407,BinhThuong,,,,,,,,108.427372,15.07574414,214.081131,289.5,73.95,63.94806,55.21,129.5,130,1,51,5
Lake,929f34bb-4d88-4364-8882-4099e75bcfd5,Nước Trong,Trà Khúc,Quảng Ngãi,2025-11-14 16:55,122.511,Xuong,,,,,,,,108.427372,15.07574414,215.108688,289.5,74.3,50.2711067,55.13,129.5,130,1,51,5
Lake,929f34bb-4d88-4364-8882-4099e75bcfd5,Nước Trong,Trà Khúc,Quảng Ngãi,2025-11-15 5:25,122.168,Xuong,,,,,,,,108.427372,15.07574414,211.719833,289.5,73.13,85.15664,428.23,129.5,130,1,51,5
Lake,9e651823-03de-4735-bb0c-9c2731740277,Phú Ninh,Trà Khúc,Quảng Nam,2025-11-09 16:55,31,Len,,,,,,,,108.4656235,15.48125102,314.6,344,91.45,66.72,,32,35.4,1,49,5
Lake,9e651823-03de-4735-bb0c-9c2731740277,Phú Ninh,Trà Khúc,Quảng Nam,2025-11-10 16:55,31.08,Len,,,,,,,,108.4656235,15.48125102,316.952,344,92.14,37.76,,32,35.4,1,49,5
Lake,9e651823-03de-4735-bb0c-9c2731740277,Phú Ninh,Trà Khúc,Quảng Nam,2025-11-11 16:55,31.22,Len,,,,,,,,108.4656235,15.48125102,321.068,344,93.33,38.66,,32,35.4,1,49,5
Lake,9e651823-03de-4735-bb0c-9c2731740277,Phú Ninh,Trà Khúc,Quảng Nam,2025-11-12 16:55,31.31,Len,,,,,,,,108.4656235,15.48125102,323.714,344,94.1,40.38,,32,35.4,1,49,5
Lake,9e651823-03de-4735-bb0c-9c2731740277,Phú Ninh,Trà Khúc,Quảng Nam,2025-11-13 16:55,31.36,Len,,,,,,,,108.4656235,15.48125102,325.184021,344,94.53,25.07,,32,35.4,1,49,5
Lake,9e651823-03de-4735-bb0c-9c2731740277,Phú Ninh,Trà Khúc,Quảng Nam,2025-11-14 16:55,31.41,Len,,,,,,,,108.4656235,15.48125102,326.654,344,94.96,18.27,,32,35.4,1,49,5
Lake,9e651823-03de-4735-bb0c-9c2731740277,Phú Ninh,Trà Khúc,Quảng Nam,2025-11-15 5:25,31.18,Xuong,,,,,,,,108.4656235,15.48125102,319.892029,344,92.99,9.14,,32,35.4,1,49,5
Lake,29DE59B1-7722-47B7-8BB0-C6A0F3BD52FC,Thái Xuân,Trà Khúc,Quảng Nam,2025-11-09 0:00,25.51,Xuong,,,,,,,,108.5759333,15.43591183,12.3247719,12.034,102.416245,,,25.3,27.28,3,49,5
Lake,29DE59B1-7722-47B7-8BB0-C6A0F3BD52FC,Thái Xuân,Trà Khúc,Quảng Nam,2025-11-10 0:00,25.49,Xuong,,,,,,,,108.5759333,15.43591183,12.2963486,12.034,102.180061,,,25.3,27.28,3,49,5
Lake,29DE59B1-7722-47B7-8BB0-C6A0F3BD52FC,Thái Xuân,Trà Khúc,Quảng Nam,2025-11-11 0:00,25.48,Xuong,,,,,,,,108.5759333,15.43591183,12.2821369,12.034,102.061966,,,25.3,27.28,3,49,5
Lake,29DE59B1-7722-47B7-8BB0-C6A0F3BD52FC,Thái Xuân,Trà Khúc,Quảng Nam,2025-11-12 0:00,25.46,Xuong,,,,,,,,108.5759333,15.43591183,12.2537146,12.034,101.825775,,,25.3,27.28,3,49,5
Lake,29DE59B1-7722-47B7-8BB0-C6A0F3BD52FC,Thái Xuân,Trà Khúc,Quảng Nam,2025-11-13 0:00,25.45,Xuong,,,,,,,,108.5759333,15.43591183,12.2395058,12.034,101.7077,,,25.3,27.28,3,49,5
Lake,29DE59B1-7722-47B7-8BB0-C6A0F3BD52FC,Thái Xuân,Trà Khúc,Quảng Nam,2025-11-14 0:00,25.43,Xuong,,,,,,,,108.5759333,15.43591183,12.2110825,12.034,101.471519,,,25.3,27.28,3,49,5
Lake,29DE59B1-7722-47B7-8BB0-C6A0F3BD52FC,Thái Xuân,Trà Khúc,Quảng Nam,2025-11-15 0:00,25.43,BinhThuong,,,,,,,,108.5759333,15.43591183,12.2110825,12.034,101.471519,,,25.3,27.28,3,49,5
Lake,F55703A2-DBD2-4A6A-971E-8BF3F19B880A,Vực Thành,Trà Khúc,Quảng Ngãi,2025-11-10 0:00,92.75,Xuong,,,,,,,,,,0.5704925,0.55,103.725906,,,92.55,95.85,3,51,5
Lake,F55703A2-DBD2-4A6A-971E-8BF3F19B880A,Vực Thành,Trà Khúc,Quảng Ngãi,2025-11-10 0:00,92.75,Xuong,,,,,,,,,,0.5704925,0.55,103.725906,,,92.55,95.85,3,51,5
Lake,F55703A2-DBD2-4A6A-971E-8BF3F19B880A,Vực Thành,Trà Khúc,Quảng Ngãi,2025-11-12 0:00,92.7,Xuong,,,,,,,,,,0.565910757,0.55,102.89286,,,92.55,95.85,3,51,5
Lake,F55703A2-DBD2-4A6A-971E-8BF3F19B880A,Vực Thành,Trà Khúc,Quảng Ngãi,2025-11-12 0:00,92.7,Xuong,,,,,,,,,,0.565910757,0.55,102.89286,,,92.55,95.85,3,51,5
Lake,F55703A2-DBD2-4A6A-971E-8BF3F19B880A,Vực Thành,Trà Khúc,Quảng Ngãi,2025-11-14 0:00,92.75,Len,,,,,,,,,,0.5704925,0.55,103.725906,,,92.55,95.85,3,51,5
Lake,F55703A2-DBD2-4A6A-971E-8BF3F19B880A,Vực Thành,Trà Khúc,Quảng Ngãi,2025-11-14 0:00,92.75,Len,,,,,,,,,,0.5704925,0.55,103.725906,,,92.55,95.85,3,51,5
Lake,1BDFCC97-D436-43FD-8E63-6352C35506E1,Đá Bàn,Trà Khúc,Quảng Ngãi,2025-11-10 0:00,20.76,Len,,,,,,,,108.8700262,14.92650533,1.06277823,1.03,103.182358,,,20.68,22.6,3,51,5
Lake,1BDFCC97-D436-43FD-8E63-6352C35506E1,Đá Bàn,Trà Khúc,Quảng Ngãi,2025-11-10 0:00,20.76,Len,,,,,,,,108.8700262,14.92650533,1.06277823,1.03,103.182358,,,20.68,22.6,3,51,5
Lake,1BDFCC97-D436-43FD-8E63-6352C35506E1,Đá Bàn,Trà Khúc,Quảng Ngãi,2025-11-12 0:00,20.74,Xuong,,,,,,,,108.8700262,14.92650533,1.05456185,1.03,102.384651,,,20.68,22.6,3,51,5
Lake,1BDFCC97-D436-43FD-8E63-6352C35506E1,Đá Bàn,Trà Khúc,Quảng Ngãi,2025-11-12 0:00,20.74,Xuong,,,,,,,,108.8700262,14.92650533,1.05456185,1.03,102.384651,,,20.68,22.6,3,51,5
Lake,1BDFCC97-D436-43FD-8E63-6352C35506E1,Đá Bàn,Trà Khúc,Quảng Ngãi,2025-11-14 0:00,20.74,BinhThuong,,,,,,,,108.8700262,14.92650533,1.05456185,1.03,102.384651,,,20.68,22.6,3,51,5
Lake,1BDFCC97-D436-43FD-8E63-6352C35506E1,Đá Bàn,Trà Khúc,Quảng Ngãi,2025-11-14 0:00,20.74,BinhThuong,,,,,,,,108.8700262,14.92650533,1.05456185,1.03,102.384651,,,20.68,22.6,3,51,5
Lake,72659CC3-2BB5-4E34-810E-96722BCE0F54,A Vương,Vu Gia - Thu Bồn,Quảng Nam,2025-11-09 16:00,376,BinhThuong,,,,,,,,107.6527597,15.83382679,308.414,343.55,89.77,,73.04,380,382.2,1,49,13
Lake,72659CC3-2BB5-4E34-810E-96722BCE0F54,A Vương,Vu Gia - Thu Bồn,Quảng Nam,2025-11-10 16:00,376,BinhThuong,,,,,,,,107.6527597,15.83382679,308.414,343.55,89.77,,36.65,380,382.2,1,49,13
Lake,72659CC3-2BB5-4E34-810E-96722BCE0F54,A Vương,Vu Gia - Thu Bồn,Quảng Nam,2025-11-11 16:00,376,BinhThuong,,,,,,,,107.6527597,15.83382679,308.414,343.55,89.77,,29.04,380,382.2,1,49,13
Lake,72659CC3-2BB5-4E34-810E-96722BCE0F54,A Vương,Vu Gia - Thu Bồn,Quảng Nam,2025-11-12 16:00,376,BinhThuong,,,,,,,,107.6527597,15.83382679,308.414,343.55,89.77,,21.4,380,382.2,1,49,13
Lake,72659CC3-2BB5-4E34-810E-96722BCE0F54,A Vương,Vu Gia - Thu Bồn,Quảng Nam,2025-11-13 16:00,375.98,Xuong,,,,,,,,107.6527597,15.83382679,308.2384,343.55,89.72,,57.77,380,382.2,1,49,13
Lake,72659CC3-2BB5-4E34-810E-96722BCE0F54,A Vương,Vu Gia - Thu Bồn,Quảng Nam,2025-11-14 16:00,374.12,Xuong,,,,,,,,107.6527597,15.83382679,292.4298,343.55,85.12,,197.34,380,382.2,1,49,13
Lake,72659CC3-2BB5-4E34-810E-96722BCE0F54,A Vương,Vu Gia - Thu Bồn,Quảng Nam,2025-11-15 5:00,372.95,Xuong,,,,,,,,107.6527597,15.83382679,282.857,343.55,82.33,,226.03,380,382.2,1,49,13
Lake,377388AD-74F9-4B10-9951-0D511BA13388,An Long,Vu Gia - Thu Bồn,Quảng Nam,2025-11-09 0:00,104.56,BinhThuong,,,,,,,,108.1525,15.63012639,1.56965935,2.04,76.94409,,,108.5,110.4,1,49,13
Lake,377388AD-74F9-4B10-9951-0D511BA13388,An Long,Vu Gia - Thu Bồn,Quảng Nam,2025-11-10 0:00,104.56,BinhThuong,,,,,,,,108.1525,15.63012639,1.56965935,2.04,76.94409,,,108.5,110.4,1,49,13
Lake,377388AD-74F9-4B10-9951-0D511BA13388,An Long,Vu Gia - Thu Bồn,Quảng Nam,2025-11-11 0:00,104.56,BinhThuong,,,,,,,,108.1525,15.63012639,1.56965935,2.04,76.94409,,,108.5,110.4,1,49,13
Lake,377388AD-74F9-4B10-9951-0D511BA13388,An Long,Vu Gia - Thu Bồn,Quảng Nam,2025-11-12 0:00,104.56,BinhThuong,,,,,,,,108.1525,15.63012639,1.56965935,2.04,76.94409,,,108.5,110.4,1,49,13
Lake,377388AD-74F9-4B10-9951-0D511BA13388,An Long,Vu Gia - Thu Bồn,Quảng Nam,2025-11-13 0:00,104.56,BinhThuong,,,,,,,,108.1525,15.63012639,1.56965935,2.04,76.94409,,,108.5,110.4,1,49,13
Lake,377388AD-74F9-4B10-9951-0D511BA13388,An Long,Vu Gia - Thu Bồn,Quảng Nam,2025-11-14 0:00,104.56,BinhThuong,,,,,,,,108.1525,15.63012639,1.56965935,2.04,76.94409,,,108.5,110.4,1,49,13
Lake,377388AD-74F9-4B10-9951-0D511BA13388,An Long,Vu Gia - Thu Bồn,Quảng Nam,2025-11-15 0:00,104.56,BinhThuong,,,,,,,,108.1525,15.63012639,1.56965935,2.04,76.94409,,,108.5,110.4,1,49,13
Lake,A0F86213-FF79-40FD-BE86-5CF8726FFD02,Cao Ngạn,Vu Gia - Thu Bồn,Quảng Nam,2025-11-09 0:00,61.47,BinhThuong,,,,,,,,108.257598,15.61898826,3.67432475,3.67,100.117836,,,61.45,63.2,3,49,13
Lake,A0F86213-FF79-40FD-BE86-5CF8726FFD02,Cao Ngạn,Vu Gia - Thu Bồn,Quảng Nam,2025-11-10 0:00,61.47,BinhThuong,,,,,,,,108.257598,15.61898826,3.67432475,3.67,100.117836,,,61.45,63.2,3,49,13
Lake,A0F86213-FF79-40FD-BE86-5CF8726FFD02,Cao Ngạn,Vu Gia - Thu Bồn,Quảng Nam,2025-11-11 0:00,61.47,BinhThuong,,,,,,,,108.257598,15.61898826,3.67432475,3.67,100.117836,,,61.45,63.2,3,49,13
Lake,A0F86213-FF79-40FD-BE86-5CF8726FFD02,Cao Ngạn,Vu Gia - Thu Bồn,Quảng Nam,2025-11-12 0:00,61.47,BinhThuong,,,,,,,,108.257598,15.61898826,3.67432475,3.67,100.117836,,,61.45,63.2,3,49,13
Lake,A0F86213-FF79-40FD-BE86-5CF8726FFD02,Cao Ngạn,Vu Gia - Thu Bồn,Quảng Nam,2025-11-13 0:00,61.47,BinhThuong,,,,,,,,108.257598,15.61898826,3.67432475,3.67,100.117836,,,61.45,63.2,3,49,13
Lake,A0F86213-FF79-40FD-BE86-5CF8726FFD02,Cao Ngạn,Vu Gia - Thu Bồn,Quảng Nam,2025-11-14 0:00,61.47,BinhThuong,,,,,,,,108.257598,15.61898826,3.67432475,3.67,100.117836,,,61.45,63.2,3,49,13
Lake,A0F86213-FF79-40FD-BE86-5CF8726FFD02,Cao Ngạn,Vu Gia - Thu Bồn,Quảng Nam,2025-11-15 0:00,61.47,BinhThuong,,,,,,,,108.257598,15.61898826,3.67432475,3.67,100.117836,,,61.45,63.2,3,49,13
Lake,AF983DC3-590A-4405-A79A-7ABE95289DFA,Cây Thông,Vu Gia - Thu Bồn,Quảng Nam,2025-11-09 0:00,80.33,BinhThuong,,,,,,,,108.2534217,15.73555338,0.8009902,0.99,80.9081039,,,79.8,81,3,49,13
Lake,AF983DC3-590A-4405-A79A-7ABE95289DFA,Cây Thông,Vu Gia - Thu Bồn,Quảng Nam,2025-11-10 0:00,80.33,BinhThuong,,,,,,,,108.2534217,15.73555338,0.8009902,0.99,80.9081039,,,79.8,81,3,49,13
Lake,AF983DC3-590A-4405-A79A-7ABE95289DFA,Cây Thông,Vu Gia - Thu Bồn,Quảng Nam,2025-11-11 0:00,80.32,Xuong,,,,,,,,108.2534217,15.73555338,0.799959958,0.99,80.80403,,,79.8,81,3,49,13
Lake,AF983DC3-590A-4405-A79A-7ABE95289DFA,Cây Thông,Vu Gia - Thu Bồn,Quảng Nam,2025-11-12 0:00,80.32,BinhThuong,,,,,,,,108.2534217,15.73555338,0.799959958,0.99,80.80403,,,79.8,81,3,49,13
Lake,AF983DC3-590A-4405-A79A-7ABE95289DFA,Cây Thông,Vu Gia - Thu Bồn,Quảng Nam,2025-11-13 0:00,80.32,BinhThuong,,,,,,,,108.2534217,15.73555338,0.799959958,0.99,80.80403,,,79.8,81,3,49,13
Lake,AF983DC3-590A-4405-A79A-7ABE95289DFA,Cây Thông,Vu Gia - Thu Bồn,Quảng Nam,2025-11-14 0:00,80.32,BinhThuong,,,,,,,,108.2534217,15.73555338,0.799959958,0.99,80.80403,,,79.8,81,3,49,13
Lake,AF983DC3-590A-4405-A79A-7ABE95289DFA,Cây Thông,Vu Gia - Thu Bồn,Quảng Nam,2025-11-15 0:00,80.32,BinhThuong,,,,,,,,108.2534217,15.73555338,0.799959958,0.99,80.80403,,,79.8,81,3,49,13
Lake,294DCDF8-E487-4B59-BCBA-3C6EF9DB56E2,Hương Mao,Vu Gia - Thu Bồn,Quảng Nam,2025-11-09 0:00,29.61,Xuong,,,,,,,,108.2825862,15.75483956,1.17038023,1.13,103.573471,,,29.45,31.03,3,49,13
Lake,294DCDF8-E487-4B59-BCBA-3C6EF9DB56E2,Hương Mao,Vu Gia - Thu Bồn,Quảng Nam,2025-11-10 0:00,29.61,BinhThuong,,,,,,,,108.2825862,15.75483956,1.17038023,1.13,103.573471,,,29.45,31.03,3,49,13
Lake,294DCDF8-E487-4B59-BCBA-3C6EF9DB56E2,Hương Mao,Vu Gia - Thu Bồn,Quảng Nam,2025-11-11 0:00,29.6,Xuong,,,,,,,,108.2825862,15.75483956,1.1677686,1.13,103.342354,,,29.45,31.03,3,49,13
Lake,294DCDF8-E487-4B59-BCBA-3C6EF9DB56E2,Hương Mao,Vu Gia - Thu Bồn,Quảng Nam,2025-11-12 0:00,29.59,Xuong,,,,,,,,108.2825862,15.75483956,1.165157,1.13,103.111237,,,29.45,31.03,3,49,13
Lake,294DCDF8-E487-4B59-BCBA-3C6EF9DB56E2,Hương Mao,Vu Gia - Thu Bồn,Quảng Nam,2025-11-13 0:00,29.59,BinhThuong,,,,,,,,108.2825862,15.75483956,1.165157,1.13,103.111237,,,29.45,31.03,3,49,13
Lake,294DCDF8-E487-4B59-BCBA-3C6EF9DB56E2,Hương Mao,Vu Gia - Thu Bồn,Quảng Nam,2025-11-14 0:00,29.58,Xuong,,,,,,,,108.2825862,15.75483956,1.16254532,1.13,102.880119,,,29.45,31.03,3,49,13
Lake,294DCDF8-E487-4B59-BCBA-3C6EF9DB56E2,Hương Mao,Vu Gia - Thu Bồn,Quảng Nam,2025-11-15 0:00,29.58,BinhThuong,,,,,,,,108.2825862,15.75483956,1.16254532,1.13,102.880119,,,29.45,31.03,3,49,13
Lake,9725C1FC-63E0-4940-85F5-B80317380F2B,Hố Giang,Vu Gia - Thu Bồn,Quảng Nam,2025-11-09 0:00,64.58,Xuong,,,,,,,,108.1846156,15.68783006,6.30052471,6.16,102.28125,,,63.3,65.8,3,49,13
Lake,9725C1FC-63E0-4940-85F5-B80317380F2B,Hố Giang,Vu Gia - Thu Bồn,Quảng Nam,2025-11-10 0:00,64.57,Xuong,,,,,,,,108.1846156,15.68783006,6.286532,6.16,102.054092,,,63.3,65.8,3,49,13
Lake,9725C1FC-63E0-4940-85F5-B80317380F2B,Hố Giang,Vu Gia - Thu Bồn,Quảng Nam,2025-11-11 0:00,64.56,Xuong,,,,,,,,108.1846156,15.68783006,6.27253866,6.16,101.826927,,,63.3,65.8,3,49,13
Lake,9725C1FC-63E0-4940-85F5-B80317380F2B,Hố Giang,Vu Gia - Thu Bồn,Quảng Nam,2025-11-12 0:00,64.56,BinhThuong,,,,,,,,108.1846156,15.68783006,6.27253866,6.16,101.826927,,,63.3,65.8,3,49,13
Lake,9725C1FC-63E0-4940-85F5-B80317380F2B,Hố Giang,Vu Gia - Thu Bồn,Quảng Nam,2025-11-13 0:00,64.55,Xuong,,,,,,,,108.1846156,15.68783006,6.25855637,6.16,101.599945,,,63.3,65.8,3,49,13
Lake,9725C1FC-63E0-4940-85F5-B80317380F2B,Hố Giang,Vu Gia - Thu Bồn,Quảng Nam,2025-11-14 0:00,64.55,BinhThuong,,,,,,,,108.1846156,15.68783006,6.25855637,6.16,101.599945,,,63.3,65.8,3,49,13
Lake,9725C1FC-63E0-4940-85F5-B80317380F2B,Hố Giang,Vu Gia - Thu Bồn,Quảng Nam,2025-11-15 0:00,64.54,Xuong,,,,,,,,108.1846156,15.68783006,6.24456358,6.16,101.372787,,,63.3,65.8,3,49,13
Lake,3AF8442B-9D86-499D-9108-0CF3476F191F,Phú Lộc,Vu Gia - Thu Bồn,Quảng Nam,2025-11-09 0:00,25.87,Xuong,,,,,,,,108.1714253,15.78320946,3.61431384,3.51,102.971909,,,25.81,27.2,3,49,13
Lake,3AF8442B-9D86-499D-9108-0CF3476F191F,Phú Lộc,Vu Gia - Thu Bồn,Quảng Nam,2025-11-10 0:00,25.85,Xuong,,,,,,,,108.1714253,15.78320946,3.59791541,3.51,102.504707,,,25.81,27.2,3,49,13
Lake,3AF8442B-9D86-499D-9108-0CF3476F191F,Phú Lộc,Vu Gia - Thu Bồn,Quảng Nam,2025-11-11 0:00,25.84,Xuong,,,,,,,,108.1714253,15.78320946,3.5897162,3.51,102.271118,,,25.81,27.2,3,49,13
Lake,3AF8442B-9D86-499D-9108-0CF3476F191F,Phú Lộc,Vu Gia - Thu Bồn,Quảng Nam,2025-11-12 0:00,25.84,BinhThuong,,,,,,,,108.1714253,15.78320946,3.5897162,3.51,102.271118,,,25.81,27.2,3,49,13
Lake,3AF8442B-9D86-499D-9108-0CF3476F191F,Phú Lộc,Vu Gia - Thu Bồn,Quảng Nam,2025-11-13 0:00,25.83,Xuong,,,,,,,,108.1714253,15.78320946,3.581517,3.51,102.037521,,,25.81,27.2,3,49,13
Lake,3AF8442B-9D86-499D-9108-0CF3476F191F,Phú Lộc,Vu Gia - Thu Bồn,Quảng Nam,2025-11-14 0:00,25.83,BinhThuong,,,,,,,,108.1714253,15.78320946,3.581517,3.51,102.037521,,,25.81,27.2,3,49,13
Lake,3AF8442B-9D86-499D-9108-0CF3476F191F,Phú Lộc,Vu Gia - Thu Bồn,Quảng Nam,2025-11-15 0:00,25.83,BinhThuong,,,,,,,,108.1714253,15.78320946,3.581517,3.51,102.037521,,,25.81,27.2,3,49,13
Lake,B336F25C-8849-4188-A3CB-6707F7D26730,Phước Hà,Vu Gia - Thu Bồn,Quảng Nam,2025-11-09 0:00,46.18,Xuong,,,,,,,,108.3184781,15.61400877,6.455367,6.34,101.819664,,,46.1,48.66,3,49,13
Lake,B336F25C-8849-4188-A3CB-6707F7D26730,Phước Hà,Vu Gia - Thu Bồn,Quảng Nam,2025-11-10 0:00,46.17,Xuong,,,,,,,,108.3184781,15.61400877,6.444289,6.34,101.644936,,,46.1,48.66,3,49,13
Lake,B336F25C-8849-4188-A3CB-6707F7D26730,Phước Hà,Vu Gia - Thu Bồn,Quảng Nam,2025-11-11 0:00,46.17,BinhThuong,,,,,,,,108.3184781,15.61400877,6.444289,6.34,101.644936,,,46.1,48.66,3,49,13
Lake,B336F25C-8849-4188-A3CB-6707F7D26730,Phước Hà,Vu Gia - Thu Bồn,Quảng Nam,2025-11-12 0:00,46.16,Xuong,,,,,,,,108.3184781,15.61400877,6.433215,6.34,101.470268,,,46.1,48.66,3,49,13
Lake,B336F25C-8849-4188-A3CB-6707F7D26730,Phước Hà,Vu Gia - Thu Bồn,Quảng Nam,2025-11-13 0:00,46.16,BinhThuong,,,,,,,,108.3184781,15.61400877,6.433215,6.34,101.470268,,,46.1,48.66,3,49,13
Lake,B336F25C-8849-4188-A3CB-6707F7D26730,Phước Hà,Vu Gia - Thu Bồn,Quảng Nam,2025-11-14 0:00,46.16,BinhThuong,,,,,,,,108.3184781,15.61400877,6.433215,6.34,101.470268,,,46.1,48.66,3,49,13
Lake,B336F25C-8849-4188-A3CB-6707F7D26730,Phước Hà,Vu Gia - Thu Bồn,Quảng Nam,2025-11-15 0:00,46.15,Xuong,,,,,,,,108.3184781,15.61400877,6.42214155,6.34,101.295609,,,46.1,48.66,3,49,13
Lake,A72755CC-49FE-44AF-827D-7010EB7EBCB4,Bung 4,Vu Gia - Thu Bồn,Quảng Nam,2025-11-09 12:00,217.5,BinhThuong,,,,,,,,107.6250227,15.6605015,435.5,493.3,88.28,,94,222.5,225.82,1,49,13
Lake,A72755CC-49FE-44AF-827D-7010EB7EBCB4,Bung 4,Vu Gia - Thu Bồn,Quảng Nam,2025-11-10 12:00,217.5,BinhThuong,,,,,,,,107.6250227,15.6605015,435.5,493.3,88.28,,94,222.5,225.82,1,49,13
Lake,A72755CC-49FE-44AF-827D-7010EB7EBCB4,Bung 4,Vu Gia - Thu Bồn,Quảng Nam,2025-11-11 12:00,217.5,Len,,,,,,,,107.6250227,15.6605015,435.5,493.3,88.28,,47,222.5,225.82,1,49,13
Lake,A72755CC-49FE-44AF-827D-7010EB7EBCB4,Bung 4,Vu Gia - Thu Bồn,Quảng Nam,2025-11-12 12:00,217.5,Len,,,,,,,,107.6250227,15.6605015,435.5,493.3,88.28,,47,222.5,225.82,1,49,13
Lake,A72755CC-49FE-44AF-827D-7010EB7EBCB4,Bung 4,Vu Gia - Thu Bồn,Quảng Nam,2025-11-13 12:00,217.5,BinhThuong,,,,,,,,107.6250227,15.6605015,435.5,493.3,88.28,,47,222.5,225.82,1,49,13
Lake,A72755CC-49FE-44AF-827D-7010EB7EBCB4,Bung 4,Vu Gia - Thu Bồn,Quảng Nam,2025-11-14 12:00,217.13,Xuong,,,,,,,,107.6250227,15.6605015,430.142456,493.3,87.2,,180,222.5,225.82,1,49,13
Lake,A72755CC-49FE-44AF-827D-7010EB7EBCB4,Bung 4,Vu Gia - Thu Bồn,Quảng Nam,2025-11-15 0:00,216.85,Xuong,,,,,,,,107.6250227,15.6605015,426.088074,493.3,86.38,,175,222.5,225.82,1,49,13
Lake,4A99C3F1-9533-4153-8047-35C03DB501DE,Bung 4A,Vu Gia - Thu Bồn,Quảng Nam,2025-11-09 16:00,97.4,BinhThuong,,,,,,,,,,10.6016417,10.6,100.02,220.88,116.88,97.4,,1,49,13
Lake,4A99C3F1-9533-4153-8047-35C03DB501DE,Bung 4A,Vu Gia - Thu Bồn,Quảng Nam,2025-11-10 16:00,97.4,BinhThuong,,,,,,,,,,10.6016417,10.6,100.02,243,88,97.4,,1,49,13
Lake,4A99C3F1-9533-4153-8047-35C03DB501DE,Bung 4A,Vu Gia - Thu Bồn,Quảng Nam,2025-11-11 16:00,97.4,BinhThuong,,,,,,,,,,10.6016417,10.6,100.02,237,73,97.4,,1,49,13
Lake,4A99C3F1-9533-4153-8047-35C03DB501DE,Bung 4A,Vu Gia - Thu Bồn,Quảng Nam,2025-11-12 16:00,97.4,BinhThuong,,,,,,,,,,10.6016417,10.6,100.02,190,30,97.4,,1,49,13
Lake,4A99C3F1-9533-4153-8047-35C03DB501DE,Bung 4A,Vu Gia - Thu Bồn,Quảng Nam,2025-11-13 16:00,97.4,BinhThuong,,,,,,,,,,10.6016417,10.6,100.02,233,73,97.4,,1,49,13
Lake,4A99C3F1-9533-4153-8047-35C03DB501DE,Bung 4A,Vu Gia - Thu Bồn,Quảng Nam,2025-11-14 16:00,97.4,BinhThuong,,,,,,,,,,10.6016417,10.6,100.02,405,245,97.4,,1,49,13
Lake,4A99C3F1-9533-4153-8047-35C03DB501DE,Bung 4A,Vu Gia - Thu Bồn,Quảng Nam,2025-11-15 5:00,97.4,BinhThuong,,,,,,,,,,10.6016417,10.6,100.02,495,390,97.4,,1,49,13
Lake,EE42CA6E-E5FC-4A9F-B90C-040211672E1B,Tranh 2,Vu Gia - Thu Bồn,Quảng Nam,2025-11-08 22:00,171.23,Xuong,,,,,,,,108.1237623,15.33266216,651.998169,729.2,89.41,,26.85,175,175.76,1,49,13
Lake,EE42CA6E-E5FC-4A9F-B90C-040211672E1B,Tranh 2,Vu Gia - Thu Bồn,Quảng Nam,2025-11-08 22:00,171.23,Xuong,,,,,,,,108.1237623,15.33266216,651.998169,729.2,89.41,,26.85,175,175.76,1,49,13
Lake,EE42CA6E-E5FC-4A9F-B90C-040211672E1B,Tranh 2,Vu Gia - Thu Bồn,Quảng Nam,2025-11-10 21:00,171.23,Xuong,,,,,,,,108.1237623,15.33266216,661.209,729.2,90.68,,26.85,175,175.76,1,49,13
Lake,EE42CA6E-E5FC-4A9F-B90C-040211672E1B,Tranh 2,Vu Gia - Thu Bồn,Quảng Nam,2025-11-10 21:00,171.23,Xuong,,,,,,,,108.1237623,15.33266216,661.209,729.2,90.68,,26.85,175,175.76,1,49,13
Lake,EE42CA6E-E5FC-4A9F-B90C-040211672E1B,Tranh 2,Vu Gia - Thu Bồn,Quảng Nam,2025-11-10 21:00,171.23,Xuong,,,,,,,,108.1237623,15.33266216,661.209,729.2,90.68,,26.85,175,175.76,1,49,13
Lake,EE42CA6E-E5FC-4A9F-B90C-040211672E1B,Tranh 2,Vu Gia - Thu Bồn,Quảng Nam,2025-11-10 21:00,171.23,Xuong,,,,,,,,108.1237623,15.33266216,661.209,729.2,90.68,,26.85,175,175.76,1,49,13
Lake,EE42CA6E-E5FC-4A9F-B90C-040211672E1B,Tranh 2,Vu Gia - Thu Bồn,Quảng Nam,2025-11-10 21:00,171.23,Xuong,,,,,,,,108.1237623,15.33266216,661.209,729.2,90.68,,26.85,175,175.76,1,49,13
Lake,DA588AF1-E8D6-405D-862B-5F23D411B802,Thạch Bàn,Vu Gia - Thu Bồn,Quảng Nam,2025-11-09 16:55,25.32,Xuong,,,,,,,,108.088049,15.77271855,10.0999994,9.87,102.33,0.04,0,25.2,27.19,3,49,13
Lake,DA588AF1-E8D6-405D-862B-5F23D411B802,Thạch Bàn,Vu Gia - Thu Bồn,Quảng Nam,2025-11-10 16:55,25.3,Xuong,,,,,,,,108.088049,15.77271855,10.0499983,9.87,101.82,0.04,0,25.2,27.19,3,49,13
Lake,DA588AF1-E8D6-405D-862B-5F23D411B802,Thạch Bàn,Vu Gia - Thu Bồn,Quảng Nam,2025-11-11 16:55,25.3,BinhThuong,,,,,,,,108.088049,15.77271855,10.0499983,9.87,101.82,,0,25.2,27.19,3,49,13
Lake,DA588AF1-E8D6-405D-862B-5F23D411B802,Thạch Bàn,Vu Gia - Thu Bồn,Quảng Nam,2025-11-12 16:55,25.29,Xuong,,,,,,,,108.088049,15.77271855,10.0250025,9.87,101.57,0.04,0,25.2,27.19,3,49,13
Lake,DA588AF1-E8D6-405D-862B-5F23D411B802,Thạch Bàn,Vu Gia - Thu Bồn,Quảng Nam,2025-11-13 16:55,25.28,Xuong,,,,,,,,108.088049,15.77271855,10.0000019,9.87,101.32,0.04,0,25.2,27.19,3,49,13
Lake,DA588AF1-E8D6-405D-862B-5F23D411B802,Thạch Bàn,Vu Gia - Thu Bồn,Quảng Nam,2025-11-14 16:55,25.27,Xuong,,,,,,,,108.088049,15.77271855,9.975001,9.87,101.06,0.04,0,25.2,27.19,3,49,13
Lake,DA588AF1-E8D6-405D-862B-5F23D411B802,Thạch Bàn,Vu Gia - Thu Bồn,Quảng Nam,2025-11-15 5:25,25.26,Xuong,,,,,,,,108.088049,15.77271855,9.950001,9.87,100.81,0.04,0,25.2,27.19,3,49,13
Lake,ADE1E4E8-70D7-49E2-ABEA-3744AD2FA8B4,Trung Lộc,Vu Gia - Thu Bồn,Quảng Nam,2025-11-09 0:00,24.1,Len,,,,,,,,108.08052,15.70572805,2.09090018,1.954,107.006149,,,24.6,26.2,1,49,13
Lake,ADE1E4E8-70D7-49E2-ABEA-3744AD2FA8B4,Trung Lộc,Vu Gia - Thu Bồn,Quảng Nam,2025-11-10 0:00,24.14,Len,,,,,,,,108.08052,15.70572805,2.11005974,1.954,107.986687,,,24.6,26.2,1,49,13
Lake,ADE1E4E8-70D7-49E2-ABEA-3744AD2FA8B4,Trung Lộc,Vu Gia - Thu Bồn,Quảng Nam,2025-11-11 0:00,24.22,Len,,,,,,,,108.08052,15.70572805,2.14837956,1.954,109.947777,,,24.6,26.2,1,49,13
Lake,ADE1E4E8-70D7-49E2-ABEA-3744AD2FA8B4,Trung Lộc,Vu Gia - Thu Bồn,Quảng Nam,2025-11-12 0:00,24.28,Len,,,,,,,,108.08052,15.70572805,2.17712045,1.954,111.418655,,,24.6,26.2,1,49,13
Lake,ADE1E4E8-70D7-49E2-ABEA-3744AD2FA8B4,Trung Lộc,Vu Gia - Thu Bồn,Quảng Nam,2025-11-13 0:00,24.34,Len,,,,,,,,108.08052,15.70572805,2.20586014,1.954,112.889465,,,24.6,26.2,1,49,13
Lake,ADE1E4E8-70D7-49E2-ABEA-3744AD2FA8B4,Trung Lộc,Vu Gia - Thu Bồn,Quảng Nam,2025-11-14 0:00,24.38,Len,,,,,,,,108.08052,15.70572805,2.22501969,1.954,113.869995,,,24.6,26.2,1,49,13
Lake,ADE1E4E8-70D7-49E2-ABEA-3744AD2FA8B4,Trung Lộc,Vu Gia - Thu Bồn,Quảng Nam,2025-11-15 0:00,24.44,Len,,,,,,,,108.08052,15.70572805,2.25376034,1.954,115.340858,,,24.6,26.2,1,49,13
Lake,76104CD6-1D7D-486E-89B8-AF8873E7D602,Việt An,Vu Gia - Thu Bồn,Quảng Nam,2025-11-09 0:00,91.01,Len,,,,,,,,108.2246468,15.58107985,20.1462555,22.95,87.78324,,,92.1,94.48,1,49,13
Lake,76104CD6-1D7D-486E-89B8-AF8873E7D602,Việt An,Vu Gia - Thu Bồn,Quảng Nam,2025-11-10 0:00,91.18,Len,,,,,,,,108.2246468,15.58107985,20.5075,22.95,89.35729,,,92.1,94.48,1,49,13
Lake,76104CD6-1D7D-486E-89B8-AF8873E7D602,Việt An,Vu Gia - Thu Bồn,Quảng Nam,2025-11-11 0:00,91.39,Len,,,,,,,,108.2246468,15.58107985,20.9537487,22.95,91.30173,,,92.1,94.48,1,49,13
Lake,76104CD6-1D7D-486E-89B8-AF8873E7D602,Việt An,Vu Gia - Thu Bồn,Quảng Nam,2025-11-12 0:00,91.57,Len,,,,,,,,108.2246468,15.58107985,21.33625,22.95,92.96841,,,92.1,94.48,1,49,13
Lake,76104CD6-1D7D-486E-89B8-AF8873E7D602,Việt An,Vu Gia - Thu Bồn,Quảng Nam,2025-11-13 0:00,91.69,Len,,,,,,,,108.2246468,15.58107985,21.5912552,22.95,94.07954,,,92.1,94.48,1,49,13
Lake,76104CD6-1D7D-486E-89B8-AF8873E7D602,Việt An,Vu Gia - Thu Bồn,Quảng Nam,2025-11-14 0:00,91.78,Len,,,,,,,,108.2246468,15.58107985,21.7824974,22.95,94.91284,,,92.1,94.48,1,49,13
Lake,76104CD6-1D7D-486E-89B8-AF8873E7D602,Việt An,Vu Gia - Thu Bồn,Quảng Nam,2025-11-15 0:00,91.9,Len,,,,,,,,108.2246468,15.58107985,22.0375023,22.95,96.02397,,,92.1,94.48,1,49,13
Lake,47ddd88a-3cfa-4d97-a964-1996b31dd3fc,Vĩnh Trinh,Vu Gia - Thu Bồn,Quảng Nam,2025-11-09 16:55,29.82,Len,,,,,,,,108.1576065,15.79270959,20.84,20.74,100.482162,,,30.15,32.57,1,49,13
Lake,47ddd88a-3cfa-4d97-a964-1996b31dd3fc,Vĩnh Trinh,Vu Gia - Thu Bồn,Quảng Nam,2025-11-10 16:55,29.88,Len,,,,,,,,108.1576065,15.79270959,20.96,20.74,101.060753,,,30.15,32.57,1,49,13
Lake,47ddd88a-3cfa-4d97-a964-1996b31dd3fc,Vĩnh Trinh,Vu Gia - Thu Bồn,Quảng Nam,2025-11-11 16:55,29.89,Len,,,,,,,,108.1576065,15.79270959,20.98,20.74,101.157188,,,30.15,32.57,1,49,13
Lake,47ddd88a-3cfa-4d97-a964-1996b31dd3fc,Vĩnh Trinh,Vu Gia - Thu Bồn,Quảng Nam,2025-11-12 16:55,29.93,Len,,,,,,,,108.1576065,15.79270959,21.0600014,20.74,101.542923,,,30.15,32.57,1,49,13
Lake,47ddd88a-3cfa-4d97-a964-1996b31dd3fc,Vĩnh Trinh,Vu Gia - Thu Bồn,Quảng Nam,2025-11-13 16:55,29.95,Len,,,,,,,,108.1576065,15.79270959,21.1000023,20.74,101.735786,,,30.15,32.57,1,49,13
Lake,47ddd88a-3cfa-4d97-a964-1996b31dd3fc,Vĩnh Trinh,Vu Gia - Thu Bồn,Quảng Nam,2025-11-14 16:55,29.96,Len,,,,,,,,108.1576065,15.79270959,21.1199989,20.74,101.832207,,,30.15,32.57,1,49,13
Lake,47ddd88a-3cfa-4d97-a964-1996b31dd3fc,Vĩnh Trinh,Vu Gia - Thu Bồn,Quảng Nam,2025-11-15 5:25,29.74,Xuong,,,,,,,,108.1576065,15.79270959,20.68,20.74,99.71,,,30.15,32.57,1,49,13
Lake,DFF89684-8500-4E18-AFDA-D70998BB5853,Đá Vách,Vu Gia - Thu Bồn,Quảng Nam,2025-11-09 0:00,88.31,Xuong,,,,,,,,108.2875384,15.46487956,0.834905744,822,101.570045,,,88.2,90.8,3,49,13
Lake,DFF89684-8500-4E18-AFDA-D70998BB5853,Đá Vách,Vu Gia - Thu Bồn,Quảng Nam,2025-11-10 0:00,88.3,Xuong,,,,,,,,108.2875384,15.46487956,0.833780348,822,101.433128,,,88.2,90.8,3,49,13
Lake,DFF89684-8500-4E18-AFDA-D70998BB5853,Đá Vách,Vu Gia - Thu Bồn,Quảng Nam,2025-11-11 0:00,88.3,BinhThuong,,,,,,,,108.2875384,15.46487956,0.833780348,822,101.433128,,,88.2,90.8,3,49,13
Lake,DFF89684-8500-4E18-AFDA-D70998BB5853,Đá Vách,Vu Gia - Thu Bồn,Quảng Nam,2025-11-12 0:00,88.29,Xuong,,,,,,,,108.2875384,15.46487956,0.8326541,822,101.29612,,,88.2,90.8,3,49,13
Lake,DFF89684-8500-4E18-AFDA-D70998BB5853,Đá Vách,Vu Gia - Thu Bồn,Quảng Nam,2025-11-13 0:00,88.27,Xuong,,,,,,,,108.2875384,15.46487956,0.8304016,822,101.022087,,,88.2,90.8,3,49,13
Lake,DFF89684-8500-4E18-AFDA-D70998BB5853,Đá Vách,Vu Gia - Thu Bồn,Quảng Nam,2025-11-14 0:00,88.27,BinhThuong,,,,,,,,108.2875384,15.46487956,0.8304016,822,101.022087,,,88.2,90.8,3,49,13
Lake,DFF89684-8500-4E18-AFDA-D70998BB5853,Đá Vách,Vu Gia - Thu Bồn,Quảng Nam,2025-11-15 0:00,88.25,Xuong,,,,,,,,108.2875384,15.46487956,0.828150034,822,100.748177,,,88.2,90.8,3,49,13
Lake,354e0d6f-269d-4117-aafe-18882b896605,Đông Tiển,Vu Gia - Thu Bồn,Quảng Nam,2025-11-09 16:55,52.52,Xuong,,,,,,,,108.2913061,15.62633582,7.88560057,7.69,102.543571,,2.48,52.35,54.2,3,49,13
Lake,354e0d6f-269d-4117-aafe-18882b896605,Đông Tiển,Vu Gia - Thu Bồn,Quảng Nam,2025-11-10 16:55,52.5,Xuong,,,,,,,,108.2913061,15.62633582,7.8638,7.69,102.260078,,2.06,52.35,54.2,3,49,13
Lake,354e0d6f-269d-4117-aafe-18882b896605,Đông Tiển,Vu Gia - Thu Bồn,Quảng Nam,2025-11-11 16:55,52.49,Xuong,,,,,,,,108.2913061,15.62633582,7.852902,7.69,102.118362,,1.85,52.35,54.2,3,49,13
Lake,354e0d6f-269d-4117-aafe-18882b896605,Đông Tiển,Vu Gia - Thu Bồn,Quảng Nam,2025-11-12 16:55,52.47,Xuong,,,,,,,,108.2913061,15.62633582,7.83110142,7.69,101.834869,,1.47,52.35,54.2,3,49,13
Lake,354e0d6f-269d-4117-aafe-18882b896605,Đông Tiển,Vu Gia - Thu Bồn,Quảng Nam,2025-11-13 16:55,52.46,Xuong,,,,,,,,108.2913061,15.62633582,7.820199,7.69,101.693092,,1.29,52.35,54.2,3,49,13
Lake,354e0d6f-269d-4117-aafe-18882b896605,Đông Tiển,Vu Gia - Thu Bồn,Quảng Nam,2025-11-14 16:55,52.45,Xuong,,,,,,,,108.2913061,15.62633582,7.809301,7.69,101.551376,,1.12,52.35,54.2,3,49,13
Lake,354e0d6f-269d-4117-aafe-18882b896605,Đông Tiển,Vu Gia - Thu Bồn,Quảng Nam,2025-11-15 5:25,52.44,Xuong,,,,,,,,108.2913061,15.62633582,7.79839849,7.69,101.4096,,0.96,52.35,54.2,3,49,13
River,71708,An Khê,Ba,Gia Lai,2025-11-09 1:00,401.67,Bình thường,0,-2.83,404.5,405.5,406.5,410.15,2013,108.6669998,13.94999981,,,,,,,,,,
River,71708,An Khê,Ba,Gia Lai,2025-11-09 7:00,401.65,Bình thường,0,-2.85,404.5,405.5,406.5,410.15,2013,108.6669998,13.94999981,,,,,,,,,,
River,71708,An Khê,Ba,Gia Lai,2025-11-09 13:00,401.62,Bình thường,0,-2.88,404.5,405.5,406.5,410.15,2013,108.6669998,13.94999981,,,,,,,,,,
River,71708,An Khê,Ba,Gia Lai,2025-11-09 19:00,401.74,Bình thường,0,-2.76,404.5,405.5,406.5,410.15,2013,108.6669998,13.94999981,,,,,,,,,,
River,71708,An Khê,Ba,Gia Lai,2025-11-10 1:00,401.72,Bình thường,0,-2.78,404.5,405.5,406.5,410.15,2013,108.6669998,13.94999981,,,,,,,,,,
River,71708,An Khê,Ba,Gia Lai,2025-11-10 4:00,402.04,Bình thường,0,-2.46,404.5,405.5,406.5,410.15,2013,108.6669998,13.94999981,,,,,,,,,,
River,71708,An Khê,Ba,Gia Lai,2025-11-10 7:00,402.27,Bình thường,0,-2.23,404.5,405.5,406.5,410.15,2013,108.6669998,13.94999981,,,,,,,,,,
River,71708,An Khê,Ba,Gia Lai,2025-11-10 10:00,401.96,Bình thường,0,-2.54,404.5,405.5,406.5,410.15,2013,108.6669998,13.94999981,,,,,,,,,,
River,71708,An Khê,Ba,Gia Lai,2025-11-10 13:00,401.8,Bình thường,0,-2.7,404.5,405.5,406.5,410.15,2013,108.6669998,13.94999981,,,,,,,,,,
River,71708,An Khê,Ba,Gia Lai,2025-11-10 16:00,401.76,Bình thường,0,-2.74,404.5,405.5,406.5,410.15,2013,108.6669998,13.94999981,,,,,,,,,,
River,71708,An Khê,Ba,Gia Lai,2025-11-10 19:00,401.76,Bình thường,0,-2.74,404.5,405.5,406.5,410.15,2013,108.6669998,13.94999981,,,,,,,,,,
River,71708,An Khê,Ba,Gia Lai,2025-11-11 1:00,401.78,Bình thường,0,-2.72,404.5,405.5,406.5,410.15,2013,108.6669998,13.94999981,,,,,,,,,,
River,71708,An Khê,Ba,Gia Lai,2025-11-11 7:00,402.1,Bình thường,0,-2.4,404.5,405.5,406.5,410.15,2013,108.6669998,13.94999981,,,,,,,,,,
River,71708,An Khê,Ba,Gia Lai,2025-11-11 13:00,401.85,Bình thường,0,-2.65,404.5,405.5,406.5,410.15,2013,108.6669998,13.94999981,,,,,,,,,,
River,71708,An Khê,Ba,Gia Lai,2025-11-11 19:00,401.84,Bình thường,0,-2.66,404.5,405.5,406.5,410.15,2013,108.6669998,13.94999981,,,,,,,,,,
River,71708,An Khê,Ba,Gia Lai,2025-11-12 1:00,401.84,Bình thường,0,-2.66,404.5,405.5,406.5,410.15,2013,108.6669998,13.94999981,,,,,,,,,,
River,71708,An Khê,Ba,Gia Lai,2025-11-12 7:00,401.58,Bình thường,0,-2.92,404.5,405.5,406.5,410.15,2013,108.6669998,13.94999981,,,,,,,,,,
River,71708,An Khê,Ba,Gia Lai,2025-11-12 13:00,401.55,Bình thường,0,-2.95,404.5,405.5,406.5,410.15,2013,108.6669998,13.94999981,,,,,,,,,,
River,71708,An Khê,Ba,Gia Lai,2025-11-12 19:00,401.51,Bình thường,0,-2.99,404.5,405.5,406.5,410.15,2013,108.6669998,13.94999981,,,,,,,,,,
River,71708,An Khê,Ba,Gia Lai,2025-11-13 1:00,401.49,Bình thường,0,-3.01,404.5,405.5,406.5,410.15,2013,108.6669998,13.94999981,,,,,,,,,,
River,71708,An Khê,Ba,Gia Lai,2025-11-13 7:00,401.5,Bình thường,0,-3,404.5,405.5,406.5,410.15,2013,108.6669998,13.94999981,,,,,,,,,,
River,71708,An Khê,Ba,Gia Lai,2025-11-13 13:00,401.53,Bình thường,0,-2.97,404.5,405.5,406.5,410.15,2013,108.6669998,13.94999981,,,,,,,,,,
River,71708,An Khê,Ba,Gia Lai,2025-11-13 19:00,401.51,Bình thường,0,-2.99,404.5,405.5,406.5,410.15,2013,108.6669998,13.94999981,,,,,,,,,,
River,71708,An Khê,Ba,Gia Lai,2025-11-14 1:00,401.51,Bình thường,0,-2.99,404.5,405.5,406.5,410.15,2013,108.6669998,13.94999981,,,,,,,,,,
River,71708,An Khê,Ba,Gia Lai,2025-11-14 7:00,401.51,Bình thường,0,-2.99,404.5,405.5,406.5,410.15,2013,108.6669998,13.94999981,,,,,,,,,,
River,71708,An Khê,Ba,Gia Lai,2025-11-14 13:00,401.5,Bình thường,0,-3,404.5,405.5,406.5,410.15,2013,108.6669998,13.94999981,,,,,,,,,,
River,71708,An Khê,Ba,Gia Lai,2025-11-14 19:00,401.48,Bình thường,0,-3.02,404.5,405.5,406.5,410.15,2013,108.6669998,13.94999981,,,,,,,,,,
River,71708,An Khê,Ba,Gia Lai,2025-11-15 1:00,401.48,Bình thường,0,-3.02,404.5,405.5,406.5,410.15,2013,108.6669998,13.94999981,,,,,,,,,,
River,71708,An Khê,Ba,Gia Lai,2025-11-15 7:00,401.47,Bình thường,0,-3.03,404.5,405.5,406.5,410.15,2013,108.6669998,13.94999981,,,,,,,,,,
River,71709,AyunPa,Ba,Gia Lai,2025-11-09 1:00,152.15,Bình thường,0,-0.85,153,154.5,156,158.63,2009,108.4499969,13.39999962,,,,,,,,,,
River,71709,AyunPa,Ba,Gia Lai,2025-11-09 4:00,152.05,Bình thường,0,-0.95,153,154.5,156,158.63,2009,108.4499969,13.39999962,,,,,,,,,,
River,71709,AyunPa,Ba,Gia Lai,2025-11-09 7:00,151.92,Bình thường,0,-1.08,153,154.5,156,158.63,2009,108.4499969,13.39999962,,,,,,,,,,
River,71709,AyunPa,Ba,Gia Lai,2025-11-09 10:00,151.89,Bình thường,0,-1.11,153,154.5,156,158.63,2009,108.4499969,13.39999962,,,,,,,,,,
River,71709,AyunPa,Ba,Gia Lai,2025-11-09 13:00,151.87,Bình thường,0,-1.13,153,154.5,156,158.63,2009,108.4499969,13.39999962,,,,,,,,,,
River,71709,AyunPa,Ba,Gia Lai,2025-11-09 16:00,151.83,Bình thường,0,-1.17,153,154.5,156,158.63,2009,108.4499969,13.39999962,,,,,,,,,,
River,71709,AyunPa,Ba,Gia Lai,2025-11-09 19:00,151.78,Bình thường,0,-1.22,153,154.5,156,158.63,2009,108.4499969,13.39999962,,,,,,,,,,
River,71709,AyunPa,Ba,Gia Lai,2025-11-10 1:00,151.69,Bình thường,0,-1.31,153,154.5,156,158.63,2009,108.4499969,13.39999962,,,,,,,,,,
River,71709,AyunPa,Ba,Gia Lai,2025-11-10 7:00,151.6,Bình thường,0,-1.4,153,154.5,156,158.63,2009,108.4499969,13.39999962,,,,,,,,,,
River,71709,AyunPa,Ba,Gia Lai,2025-11-10 13:00,151.51,Bình thường,0,-1.49,153,154.5,156,158.63,2009,108.4499969,13.39999962,,,,,,,,,,
River,71709,AyunPa,Ba,Gia Lai,2025-11-10 19:00,151.39,Bình thường,0,-1.61,153,154.5,156,158.63,2009,108.4499969,13.39999962,,,,,,,,,,
River,71709,AyunPa,Ba,Gia Lai,2025-11-11 1:00,151.36,Bình thường,0,-1.64,153,154.5,156,158.63,2009,108.4499969,13.39999962,,,,,,,,,,
River,71709,AyunPa,Ba,Gia Lai,2025-11-11 7:00,151.26,Bình thường,0,-1.74,153,154.5,156,158.63,2009,108.4499969,13.39999962,,,,,,,,,,
River,71709,AyunPa,Ba,Gia Lai,2025-11-11 13:00,151.26,Bình thường,0,-1.74,153,154.5,156,158.63,2009,108.4499969,13.39999962,,,,,,,,,,
River,71709,AyunPa,Ba,Gia Lai,2025-11-11 19:00,151.19,Bình thường,0,-1.81,153,154.5,156,158.63,2009,108.4499969,13.39999962,,,,,,,,,,
River,71709,AyunPa,Ba,Gia Lai,2025-11-12 1:00,151.17,Bình thường,0,-1.83,153,154.5,156,158.63,2009,108.4499969,13.39999962,,,,,,,,,,
River,71709,AyunPa,Ba,Gia Lai,2025-11-12 7:00,151.2,Bình thường,0,-1.8,153,154.5,156,158.63,2009,108.4499969,13.39999962,,,,,,,,,,
River,71709,AyunPa,Ba,Gia Lai,2025-11-12 13:00,151.36,Bình thường,0,-1.64,153,154.5,156,158.63,2009,108.4499969,13.39999962,,,,,,,,,,
River,71709,AyunPa,Ba,Gia Lai,2025-11-12 19:00,151,Bình thường,0,-2,153,154.5,156,158.63,2009,108.4499969,13.39999962,,,,,,,,,,
River,71709,AyunPa,Ba,Gia Lai,2025-11-13 1:00,150.92,Bình thường,0,-2.08,153,154.5,156,158.63,2009,108.4499969,13.39999962,,,,,,,,,,
River,71709,AyunPa,Ba,Gia Lai,2025-11-13 7:00,150.84,Bình thường,0,-2.16,153,154.5,156,158.63,2009,108.4499969,13.39999962,,,,,,,,,,
River,71709,AyunPa,Ba,Gia Lai,2025-11-13 13:00,150.65,Bình thường,0,-2.35,153,154.5,156,158.63,2009,108.4499969,13.39999962,,,,,,,,,,
River,71709,AyunPa,Ba,Gia Lai,2025-11-13 19:00,150.6,Bình thường,0,-2.4,153,154.5,156,158.63,2009,108.4499969,13.39999962,,,,,,,,,,
River,71709,AyunPa,Ba,Gia Lai,2025-11-14 1:00,150.56,Bình thường,0,-2.44,153,154.5,156,158.63,2009,108.4499969,13.39999962,,,,,,,,,,
River,71709,AyunPa,Ba,Gia Lai,2025-11-14 7:00,150.6,Bình thường,0,-2.4,153,154.5,156,158.63,2009,108.4499969,13.39999962,,,,,,,,,,
River,71709,AyunPa,Ba,Gia Lai,2025-11-14 13:00,150.54,Bình thường,0,-2.46,153,154.5,156,158.63,2009,108.4499969,13.39999962,,,,,,,,,,
River,71709,AyunPa,Ba,Gia Lai,2025-11-14 19:00,150.37,Bình thường,0,-2.63,153,154.5,156,158.63,2009,108.4499969,13.39999962,,,,,,,,,,
River,71709,AyunPa,Ba,Gia Lai,2025-11-15 1:00,150.31,Bình thường,0,-2.69,153,154.5,156,158.63,2009,108.4499969,13.39999962,,,,,,,,,,
River,71709,AyunPa,Ba,Gia Lai,2025-11-15 7:00,150.25,Bình thường,0,-2.75,153,154.5,156,158.63,2009,108.4499969,13.39999962,,,,,,,,,,
River,71518,Phú Ốc,Hương - Bồ,TP. Huế,2025-11-09 0:00,1.6,Trên BĐ1,1,0.1,1.5,3,4.5,5.24,2020,107.4670029,16.53300095,,,,,,,,,,
River,71518,Phú Ốc,Hương - Bồ,TP. Huế,2025-11-09 1:00,1.59,Trên BĐ1,1,0.09,1.5,3,4.5,5.24,2020,107.4670029,16.53300095,,,,,,,,,,
River,71518,Phú Ốc,Hương - Bồ,TP. Huế,2025-11-09 2:00,1.58,Trên BĐ1,1,0.08,1.5,3,4.5,5.24,2020,107.4670029,16.53300095,,,,,,,,,,
River,71518,Phú Ốc,Hương - Bồ,TP. Huế,2025-11-09 3:00,1.57,Trên BĐ1,1,0.07,1.5,3,4.5,5.24,2020,107.4670029,16.53300095,,,,,,,,,,
River,71518,Phú Ốc,Hương - Bồ,TP. Huế,2025-11-09 4:00,1.56,Trên BĐ1,1,0.06,1.5,3,4.5,5.24,2020,107.4670029,16.53300095,,,,,,,,,,
River,71518,Phú Ốc,Hương - Bồ,TP. Huế,2025-11-09 5:00,1.55,Trên BĐ1,1,0.05,1.5,3,4.5,5.24,2020,107.4670029,16.53300095,,,,,,,,,,
River,71518,Phú Ốc,Hương - Bồ,TP. Huế,2025-11-09 6:00,1.54,Trên BĐ1,1,0.04,1.5,3,4.5,5.24,2020,107.4670029,16.53300095,,,,,,,,,,
River,71518,Phú Ốc,Hương - Bồ,TP. Huế,2025-11-09 7:00,1.53,Trên BĐ1,1,0.03,1.5,3,4.5,5.24,2020,107.4670029,16.53300095,,,,,,,,,,
River,71518,Phú Ốc,Hương - Bồ,TP. Huế,2025-11-09 8:00,1.51,Trên BĐ1,1,0.01,1.5,3,4.5,5.24,2020,107.4670029,16.53300095,,,,,,,,,,
River,71518,Phú Ốc,Hương - Bồ,TP. Huế,2025-11-09 9:00,1.48,Bình thường,0,-0.02,1.5,3,4.5,5.24,2020,107.4670029,16.53300095,,,,,,,,,,
River,71518,Phú Ốc,Hương - Bồ,TP. Huế,2025-11-09 10:00,1.45,Bình thường,0,-0.05,1.5,3,4.5,5.24,2020,107.4670029,16.53300095,,,,,,,,,,
River,71518,Phú Ốc,Hương - Bồ,TP. Huế,2025-11-09 11:00,1.42,Bình thường,0,-0.08,1.5,3,4.5,5.24,2020,107.4670029,16.53300095,,,,,,,,,,
River,71518,Phú Ốc,Hương - Bồ,TP. Huế,2025-11-09 12:00,1.37,Bình thường,0,-0.13,1.5,3,4.5,5.24,2020,107.4670029,16.53300095,,,,,,,,,,
River,71518,Phú Ốc,Hương - Bồ,TP. Huế,2025-11-09 13:00,1.36,Bình thường,0,-0.14,1.5,3,4.5,5.24,2020,107.4670029,16.53300095,,,,,,,,,,
River,71518,Phú Ốc,Hương - Bồ,TP. Huế,2025-11-09 14:00,1.35,Bình thường,0,-0.15,1.5,3,4.5,5.24,2020,107.4670029,16.53300095,,,,,,,,,,
River,71518,Phú Ốc,Hương - Bồ,TP. Huế,2025-11-09 15:00,1.34,Bình thường,0,-0.16,1.5,3,4.5,5.24,2020,107.4670029,16.53300095,,,,,,,,,,
River,71518,Phú Ốc,Hương - Bồ,TP. Huế,2025-11-09 16:00,1.33,Bình thường,0,-0.17,1.5,3,4.5,5.24,2020,107.4670029,16.53300095,,,,,,,,,,
River,71518,Phú Ốc,Hương - Bồ,TP. Huế,2025-11-09 17:00,1.35,Bình thường,0,-0.15,1.5,3,4.5,5.24,2020,107.4670029,16.53300095,,,,,,,,,,
River,71518,Phú Ốc,Hương - Bồ,TP. Huế,2025-11-09 18:00,1.35,Bình thường,0,-0.15,1.5,3,4.5,5.24,2020,107.4670029,16.53300095,,,,,,,,,,
River,71518,Phú Ốc,Hương - Bồ,TP. Huế,2025-11-09 19:00,1.34,Bình thường,0,-0.16,1.5,3,4.5,5.24,2020,107.4670029,16.53300095,,,,,,,,,,
River,71518,Phú Ốc,Hương - Bồ,TP. Huế,2025-11-09 20:00,1.34,Bình thường,0,-0.16,1.5,3,4.5,5.24,2020,107.4670029,16.53300095,,,,,,,,,,
River,71518,Phú Ốc,Hương - Bồ,TP. Huế,2025-11-09 21:00,1.32,Bình thường,0,-0.18,1.5,3,4.5,5.24,2020,107.4670029,16.53300095,,,,,,,,,,
River,71518,Phú Ốc,Hương - Bồ,TP. Huế,2025-11-09 22:00,1.31,Bình thường,0,-0.19,1.5,3,4.5,5.24,2020,107.4670029,16.53300095,,,,,,,,,,
River,71518,Phú Ốc,Hương - Bồ,TP. Huế,2025-11-09 23:00,1.28,Bình thường,0,-0.22,1.5,3,4.5,5.24,2020,107.4670029,16.53300095,,,,,,,,,,
River,71518,Phú Ốc,Hương - Bồ,TP. Huế,2025-11-10 0:00,1.26,Bình thường,0,-0.24,1.5,3,4.5,5.24,2020,107.4670029,16.53300095,,,,,,,,,,
River,71518,Phú Ốc,Hương - Bồ,TP. Huế,2025-11-10 1:00,1.24,Bình thường,0,-0.26,1.5,3,4.5,5.24,2020,107.4670029,16.53300095,,,,,,,,,,
River,71518,Phú Ốc,Hương - Bồ,TP. Huế,2025-11-10 2:00,1.23,Bình thường,0,-0.27,1.5,3,4.5,5.24,2020,107.4670029,16.53300095,,,,,,,,,,
River,71518,Phú Ốc,Hương - Bồ,TP. Huế,2025-11-10 3:00,1.22,Bình thường,0,-0.28,1.5,3,4.5,5.24,2020,107.4670029,16.53300095,,,,,,,,,,
River,71518,Phú Ốc,Hương - Bồ,TP. Huế,2025-11-10 4:00,1.21,Bình thường,0,-0.29,1.5,3,4.5,5.24,2020,107.4670029,16.53300095,,,,,,,,,,
River,71518,Phú Ốc,Hương - Bồ,TP. Huế,2025-11-10 5:00,1.21,Bình thường,0,-0.29,1.5,3,4.5,5.24,2020,107.4670029,16.53300095,,,,,,,,,,
River,71518,Phú Ốc,Hương - Bồ,TP. Huế,2025-11-10 6:00,1.2,Bình thường,0,-0.3,1.5,3,4.5,5.24,2020,107.4670029,16.53300095,,,,,,,,,,
River,71518,Phú Ốc,Hương - Bồ,TP. Huế,2025-11-10 7:00,1.19,Bình thường,0,-0.31,1.5,3,4.5,5.24,2020,107.4670029,16.53300095,,,,,,,,,,
River,71518,Phú Ốc,Hương - Bồ,TP. Huế,2025-11-10 8:00,1.18,Bình thường,0,-0.32,1.5,3,4.5,5.24,2020,107.4670029,16.53300095,,,,,,,,,,
River,71518,Phú Ốc,Hương - Bồ,TP. Huế,2025-11-10 9:00,1.18,Bình thường,0,-0.32,1.5,3,4.5,5.24,2020,107.4670029,16.53300095,,,,,,,,,,
River,71518,Phú Ốc,Hương - Bồ,TP. Huế,2025-11-10 10:00,1.18,Bình thường,0,-0.32,1.5,3,4.5,5.24,2020,107.4670029,16.53300095,,,,,,,,,,
River,71518,Phú Ốc,Hương - Bồ,TP. Huế,2025-11-10 11:00,1.16,Bình thường,0,-0.34,1.5,3,4.5,5.24,2020,107.4670029,16.53300095,,,,,,,,,,
River,71518,Phú Ốc,Hương - Bồ,TP. Huế,2025-11-10 12:00,1.14,Bình thường,0,-0.36,1.5,3,4.5,5.24,2020,107.4670029,16.53300095,,,,,,,,,,
River,71518,Phú Ốc,Hương - Bồ,TP. Huế,2025-11-10 13:00,1.13,Bình thường,0,-0.37,1.5,3,4.5,5.24,2020,107.4670029,16.53300095,,,,,,,,,,
River,71518,Phú Ốc,Hương - Bồ,TP. Huế,2025-11-10 14:00,1.13,Bình thường,0,-0.37,1.5,3,4.5,5.24,2020,107.4670029,16.53300095,,,,,,,,,,
River,71518,Phú Ốc,Hương - Bồ,TP. Huế,2025-11-10 15:00,1.13,Bình thường,0,-0.37,1.5,3,4.5,5.24,2020,107.4670029,16.53300095,,,,,,,,,,
River,71518,Phú Ốc,Hương - Bồ,TP. Huế,2025-11-10 16:00,1.15,Bình thường,0,-0.35,1.5,3,4.5,5.24,2020,107.4670029,16.53300095,,,,,,,,,,
River,71518,Phú Ốc,Hương - Bồ,TP. Huế,2025-11-10 17:00,1.16,Bình thường,0,-0.34,1.5,3,4.5,5.24,2020,107.4670029,16.53300095,,,,,,,,,,
River,71518,Phú Ốc,Hương - Bồ,TP. Huế,2025-11-10 18:00,1.17,Bình thường,0,-0.33,1.5,3,4.5,5.24,2020,107.4670029,16.53300095,,,,,,,,,,
River,71518,Phú Ốc,Hương - Bồ,TP. Huế,2025-11-10 19:00,1.17,Bình thường,0,-0.33,1.5,3,4.5,5.24,2020,107.4670029,16.53300095,,,,,,,,,,
River,71518,Phú Ốc,Hương - Bồ,TP. Huế,2025-11-10 20:00,1.17,Bình thường,0,-0.33,1.5,3,4.5,5.24,2020,107.4670029,16.53300095,,,,,,,,,,
River,71518,Phú Ốc,Hương - Bồ,TP. Huế,2025-11-10 21:00,1.16,Bình thường,0,-0.34,1.5,3,4.5,5.24,2020,107.4670029,16.53300095,,,,,,,,,,
River,71518,Phú Ốc,Hương - Bồ,TP. Huế,2025-11-10 22:00,1.16,Bình thường,0,-0.34,1.5,3,4.5,5.24,2020,107.4670029,16.53300095,,,,,,,,,,
River,71518,Phú Ốc,Hương - Bồ,TP. Huế,2025-11-10 23:00,1.15,Bình thường,0,-0.35,1.5,3,4.5,5.24,2020,107.4670029,16.53300095,,,,,,,,,,
River,71518,Phú Ốc,Hương - Bồ,TP. Huế,2025-11-11 0:00,1.13,Bình thường,0,-0.37,1.5,3,4.5,5.24,2020,107.4670029,16.53300095,,,,,,,,,,
River,71518,Phú Ốc,Hương - Bồ,TP. Huế,2025-11-11 1:00,1.11,Bình thường,0,-0.39,1.5,3,4.5,5.24,2020,107.4670029,16.53300095,,,,,,,,,,
River,71518,Phú Ốc,Hương - Bồ,TP. Huế,2025-11-11 2:00,1.1,Bình thường,0,-0.4,1.5,3,4.5,5.24,2020,107.4670029,16.53300095,,,,,,,,,,
River,71518,Phú Ốc,Hương - Bồ,TP. Huế,2025-11-11 3:00,1.09,Bình thường,0,-0.41,1.5,3,4.5,5.24,2020,107.4670029,16.53300095,,,,,,,,,,
River,71518,Phú Ốc,Hương - Bồ,TP. Huế,2025-11-11 4:00,1.09,Bình thường,0,-0.41,1.5,3,4.5,5.24,2020,107.4670029,16.53300095,,,,,,,,,,
River,71518,Phú Ốc,Hương - Bồ,TP. Huế,2025-11-11 5:00,1.08,Bình thường,0,-0.42,1.5,3,4.5,5.24,2020,107.4670029,16.53300095,,,,,,,,,,
River,71518,Phú Ốc,Hương - Bồ,TP. Huế,2025-11-11 6:00,1.08,Bình thường,0,-0.42,1.5,3,4.5,5.24,2020,107.4670029,16.53300095,,,,,,,,,,
River,71518,Phú Ốc,Hương - Bồ,TP. Huế,2025-11-11 7:00,1.08,Bình thường,0,-0.42,1.5,3,4.5,5.24,2020,107.4670029,16.53300095,,,,,,,,,,
River,71518,Phú Ốc,Hương - Bồ,TP. Huế,2025-11-11 8:00,1.08,Bình thường,0,-0.42,1.5,3,4.5,5.24,2020,107.4670029,16.53300095,,,,,,,,,,
River,71518,Phú Ốc,Hương - Bồ,TP. Huế,2025-11-11 9:00,1.11,Bình thường,0,-0.39,1.5,3,4.5,5.24,2020,107.4670029,16.53300095,,,,,,,,,,
River,71518,Phú Ốc,Hương - Bồ,TP. Huế,2025-11-11 10:00,1.13,Bình thường,0,-0.37,1.5,3,4.5,5.24,2020,107.4670029,16.53300095,,,,,,,,,,
River,71518,Phú Ốc,Hương - Bồ,TP. Huế,2025-11-11 11:00,1.13,Bình thường,0,-0.37,1.5,3,4.5,5.24,2020,107.4670029,16.53300095,,,,,,,,,,
River,71518,Phú Ốc,Hương - Bồ,TP. Huế,2025-11-11 12:00,1.11,Bình thường,0,-0.39,1.5,3,4.5,5.24,2020,107.4670029,16.53300095,,,,,,,,,,
River,71518,Phú Ốc,Hương - Bồ,TP. Huế,2025-11-11 13:00,1.11,Bình thường,0,-0.39,1.5,3,4.5,5.24,2020,107.4670029,16.53300095,,,,,,,,,,
River,71518,Phú Ốc,Hương - Bồ,TP. Huế,2025-11-11 14:00,1.15,Bình thường,0,-0.35,1.5,3,4.5,5.24,2020,107.4670029,16.53300095,,,,,,,,,,
River,71518,Phú Ốc,Hương - Bồ,TP. Huế,2025-11-11 15:00,1.2,Bình thường,0,-0.3,1.5,3,4.5,5.24,2020,107.4670029,16.53300095,,,,,,,,,,
River,71518,Phú Ốc,Hương - Bồ,TP. Huế,2025-11-11 16:00,1.24,Bình thường,0,-0.26,1.5,3,4.5,5.24,2020,107.4670029,16.53300095,,,,,,,,,,
River,71518,Phú Ốc,Hương - Bồ,TP. Huế,2025-11-11 17:00,1.29,Bình thường,0,-0.21,1.5,3,4.5,5.24,2020,107.4670029,16.53300095,,,,,,,,,,
River,71518,Phú Ốc,Hương - Bồ,TP. Huế,2025-11-11 18:00,1.33,Bình thường,0,-0.17,1.5,3,4.5,5.24,2020,107.4670029,16.53300095,,,,,,,,,,
River,71518,Phú Ốc,Hương - Bồ,TP. Huế,2025-11-11 19:00,1.36,Bình thường,0,-0.14,1.5,3,4.5,5.24,2020,107.4670029,16.53300095,,,,,,,,,,
River,71518,Phú Ốc,Hương - Bồ,TP. Huế,2025-11-11 20:00,1.38,Bình thường,0,-0.12,1.5,3,4.5,5.24,2020,107.4670029,16.53300095,,,,,,,,,,
River,71518,Phú Ốc,Hương - Bồ,TP. Huế,2025-11-11 21:00,1.39,Bình thường,0,-0.11,1.5,3,4.5,5.24,2020,107.4670029,16.53300095,,,,,,,,,,
River,71518,Phú Ốc,Hương - Bồ,TP. Huế,2025-11-11 22:00,1.41,Bình thường,0,-0.09,1.5,3,4.5,5.24,2020,107.4670029,16.53300095,,,,,,,,,,
River,71518,Phú Ốc,Hương - Bồ,TP. Huế,2025-11-11 23:00,1.41,Bình thường,0,-0.09,1.5,3,4.5,5.24,2020,107.4670029,16.53300095,,,,,,,,,,
River,71518,Phú Ốc,Hương - Bồ,TP. Huế,2025-11-12 0:00,1.41,Bình thường,0,-0.09,1.5,3,4.5,5.24,2020,107.4670029,16.53300095,,,,,,,,,,
River,71518,Phú Ốc,Hương - Bồ,TP. Huế,2025-11-12 1:00,1.42,Bình thường,0,-0.08,1.5,3,4.5,5.24,2020,107.4670029,16.53300095,,,,,,,,,,
River,71518,Phú Ốc,Hương - Bồ,TP. Huế,2025-11-12 2:00,1.43,Bình thường,0,-0.07,1.5,3,4.5,5.24,2020,107.4670029,16.53300095,,,,,,,,,,
River,71518,Phú Ốc,Hương - Bồ,TP. Huế,2025-11-12 3:00,1.43,Bình thường,0,-0.07,1.5,3,4.5,5.24,2020,107.4670029,16.53300095,,,,,,,,,,
River,71518,Phú Ốc,Hương - Bồ,TP. Huế,2025-11-12 4:00,1.44,Bình thường,0,-0.06,1.5,3,4.5,5.24,2020,107.4670029,16.53300095,,,,,,,,,,
River,71518,Phú Ốc,Hương - Bồ,TP. Huế,2025-11-12 5:00,1.44,Bình thường,0,-0.06,1.5,3,4.5,5.24,2020,107.4670029,16.53300095,,,,,,,,,,
River,71518,Phú Ốc,Hương - Bồ,TP. Huế,2025-11-12 6:00,1.45,Bình thường,0,-0.05,1.5,3,4.5,5.24,2020,107.4670029,16.53300095,,,,,,,,,,
River,71518,Phú Ốc,Hương - Bồ,TP. Huế,2025-11-12 7:00,1.46,Bình thường,0,-0.04,1.5,3,4.5,5.24,2020,107.4670029,16.53300095,,,,,,,,,,
River,71518,Phú Ốc,Hương - Bồ,TP. Huế,2025-11-12 8:00,1.46,Bình thường,0,-0.04,1.5,3,4.5,5.24,2020,107.4670029,16.53300095,,,,,,,,,,
River,71518,Phú Ốc,Hương - Bồ,TP. Huế,2025-11-12 9:00,1.46,Bình thường,0,-0.04,1.5,3,4.5,5.24,2020,107.4670029,16.53300095,,,,,,,,,,
River,71518,Phú Ốc,Hương - Bồ,TP. Huế,2025-11-12 10:00,1.46,Bình thường,0,-0.04,1.5,3,4.5,5.24,2020,107.4670029,16.53300095,,,,,,,,,,
River,71518,Phú Ốc,Hương - Bồ,TP. Huế,2025-11-12 11:00,1.46,Bình thường,0,-0.04,1.5,3,4.5,5.24,2020,107.4670029,16.53300095,,,,,,,,,,
River,71518,Phú Ốc,Hương - Bồ,TP. Huế,2025-11-12 12:00,1.46,Bình thường,0,-0.04,1.5,3,4.5,5.24,2020,107.4670029,16.53300095,,,,,,,,,,
River,71518,Phú Ốc,Hương - Bồ,TP. Huế,2025-11-12 13:00,1.46,Bình thường,0,-0.04,1.5,3,4.5,5.24,2020,107.4670029,16.53300095,,,,,,,,,,
River,71518,Phú Ốc,Hương - Bồ,TP. Huế,2025-11-12 14:00,1.46,Bình thường,0,-0.04,1.5,3,4.5,5.24,2020,107.4670029,16.53300095,,,,,,,,,,
River,71518,Phú Ốc,Hương - Bồ,TP. Huế,2025-11-12 15:00,1.46,Bình thường,0,-0.04,1.5,3,4.5,5.24,2020,107.4670029,16.53300095,,,,,,,,,,
River,71518,Phú Ốc,Hương - Bồ,TP. Huế,2025-11-12 16:00,1.5,Trên BĐ1,1,0,1.5,3,4.5,5.24,2020,107.4670029,16.53300095,,,,,,,,,,
River,71518,Phú Ốc,Hương - Bồ,TP. Huế,2025-11-12 17:00,1.53,Trên BĐ1,1,0.03,1.5,3,4.5,5.24,2020,107.4670029,16.53300095,,,,,,,,,,
River,71518,Phú Ốc,Hương - Bồ,TP. Huế,2025-11-12 18:00,1.55,Trên BĐ1,1,0.05,1.5,3,4.5,5.24,2020,107.4670029,16.53300095,,,,,,,,,,
River,71518,Phú Ốc,Hương - Bồ,TP. Huế,2025-11-12 19:00,1.57,Trên BĐ1,1,0.07,1.5,3,4.5,5.24,2020,107.4670029,16.53300095,,,,,,,,,,
River,71518,Phú Ốc,Hương - Bồ,TP. Huế,2025-11-12 20:00,1.59,Trên BĐ1,1,0.09,1.5,3,4.5,5.24,2020,107.4670029,16.53300095,,,,,,,,,,
River,71518,Phú Ốc,Hương - Bồ,TP. Huế,2025-11-12 21:00,1.6,Trên BĐ1,1,0.1,1.5,3,4.5,5.24,2020,107.4670029,16.53300095,,,,,,,,,,
River,71518,Phú Ốc,Hương - Bồ,TP. Huế,2025-11-12 22:00,1.6,Trên BĐ1,1,0.1,1.5,3,4.5,5.24,2020,107.4670029,16.53300095,,,,,,,,,,
River,71518,Phú Ốc,Hương - Bồ,TP. Huế,2025-11-12 23:00,1.61,Trên BĐ1,1,0.11,1.5,3,4.5,5.24,2020,107.4670029,16.53300095,,,,,,,,,,
River,71518,Phú Ốc,Hương - Bồ,TP. Huế,2025-11-13 1:00,1.61,Trên BĐ1,1,0.11,1.5,3,4.5,5.24,2020,107.4670029,16.53300095,,,,,,,,,,
River,71518,Phú Ốc,Hương - Bồ,TP. Huế,2025-11-13 2:00,1.61,Trên BĐ1,1,0.11,1.5,3,4.5,5.24,2020,107.4670029,16.53300095,,,,,,,,,,
River,71518,Phú Ốc,Hương - Bồ,TP. Huế,2025-11-13 3:00,1.61,Trên BĐ1,1,0.11,1.5,3,4.5,5.24,2020,107.4670029,16.53300095,,,,,,,,,,
River,71518,Phú Ốc,Hương - Bồ,TP. Huế,2025-11-13 4:00,1.61,Trên BĐ1,1,0.11,1.5,3,4.5,5.24,2020,107.4670029,16.53300095,,,,,,,,,,
River,71518,Phú Ốc,Hương - Bồ,TP. Huế,2025-11-13 5:00,1.62,Trên BĐ1,1,0.12,1.5,3,4.5,5.24,2020,107.4670029,16.53300095,,,,,,,,,,
River,71518,Phú Ốc,Hương - Bồ,TP. Huế,2025-11-13 6:00,1.62,Trên BĐ1,1,0.12,1.5,3,4.5,5.24,2020,107.4670029,16.53300095,,,,,,,,,,
River,71518,Phú Ốc,Hương - Bồ,TP. Huế,2025-11-13 7:00,1.62,Trên BĐ1,1,0.12,1.5,3,4.5,5.24,2020,107.4670029,16.53300095,,,,,,,,,,
River,71518,Phú Ốc,Hương - Bồ,TP. Huế,2025-11-13 8:00,1.62,Trên BĐ1,1,0.12,1.5,3,4.5,5.24,2020,107.4670029,16.53300095,,,,,,,,,,
River,71518,Phú Ốc,Hương - Bồ,TP. Huế,2025-11-13 9:00,1.65,Trên BĐ1,1,0.15,1.5,3,4.5,5.24,2020,107.4670029,16.53300095,,,,,,,,,,
River,71518,Phú Ốc,Hương - Bồ,TP. Huế,2025-11-13 10:00,1.69,Trên BĐ1,1,0.19,1.5,3,4.5,5.24,2020,107.4670029,16.53300095,,,,,,,,,,
River,71518,Phú Ốc,Hương - Bồ,TP. Huế,2025-11-13 11:00,1.73,Trên BĐ1,1,0.23,1.5,3,4.5,5.24,2020,107.4670029,16.53300095,,,,,,,,,,
River,71518,Phú Ốc,Hương - Bồ,TP. Huế,2025-11-13 12:00,1.77,Trên BĐ1,1,0.27,1.5,3,4.5,5.24,2020,107.4670029,16.53300095,,,,,,,,,,
River,71518,Phú Ốc,Hương - Bồ,TP. Huế,2025-11-13 13:00,1.79,Trên BĐ1,1,0.29,1.5,3,4.5,5.24,2020,107.4670029,16.53300095,,,,,,,,,,
River,71518,Phú Ốc,Hương - Bồ,TP. Huế,2025-11-13 14:00,1.81,Trên BĐ1,1,0.31,1.5,3,4.5,5.24,2020,107.4670029,16.53300095,,,,,,,,,,
River,71518,Phú Ốc,Hương - Bồ,TP. Huế,2025-11-13 15:00,1.83,Trên BĐ1,1,0.33,1.5,3,4.5,5.24,2020,107.4670029,16.53300095,,,,,,,,,,
River,71518,Phú Ốc,Hương - Bồ,TP. Huế,2025-11-13 16:00,1.86,Trên BĐ1,1,0.36,1.5,3,4.5,5.24,2020,107.4670029,16.53300095,,,,,,,,,,
River,71518,Phú Ốc,Hương - Bồ,TP. Huế,2025-11-13 17:00,1.95,Trên BĐ1,1,0.45,1.5,3,4.5,5.24,2020,107.4670029,16.53300095,,,,,,,,,,
River,71518,Phú Ốc,Hương - Bồ,TP. Huế,2025-11-13 18:00,2.01,Trên BĐ1,1,0.51,1.5,3,4.5,5.24,2020,107.4670029,16.53300095,,,,,,,,,,
River,71518,Phú Ốc,Hương - Bồ,TP. Huế,2025-11-13 19:00,2.06,Trên BĐ1,1,0.56,1.5,3,4.5,5.24,2020,107.4670029,16.53300095,,,,,,,,,,
River,71518,Phú Ốc,Hương - Bồ,TP. Huế,2025-11-13 20:00,2.09,Trên BĐ1,1,0.59,1.5,3,4.5,5.24,2020,107.4670029,16.53300095,,,,,,,,,,
River,71518,Phú Ốc,Hương - Bồ,TP. Huế,2025-11-13 21:00,2.12,Trên BĐ1,1,0.62,1.5,3,4.5,5.24,2020,107.4670029,16.53300095,,,,,,,,,,
River,71518,Phú Ốc,Hương - Bồ,TP. Huế,2025-11-13 22:00,2.15,Trên BĐ1,1,0.65,1.5,3,4.5,5.24,2020,107.4670029,16.53300095,,,,,,,,,,
River,71518,Phú Ốc,Hương - Bồ,TP. Huế,2025-11-14 0:00,2.18,Trên BĐ1,1,0.68,1.5,3,4.5,5.24,2020,107.4670029,16.53300095,,,,,,,,,,
River,71518,Phú Ốc,Hương - Bồ,TP. Huế,2025-11-14 1:00,2.19,Trên BĐ1,1,0.69,1.5,3,4.5,5.24,2020,107.4670029,16.53300095,,,,,,,,,,
River,71518,Phú Ốc,Hương - Bồ,TP. Huế,2025-11-14 2:00,2.2,Trên BĐ1,1,0.7,1.5,3,4.5,5.24,2020,107.4670029,16.53300095,,,,,,,,,,
River,71518,Phú Ốc,Hương - Bồ,TP. Huế,2025-11-14 3:00,2.2,Trên BĐ1,1,0.7,1.5,3,4.5,5.24,2020,107.4670029,16.53300095,,,,,,,,,,
River,71518,Phú Ốc,Hương - Bồ,TP. Huế,2025-11-14 4:00,2.21,Trên BĐ1,1,0.71,1.5,3,4.5,5.24,2020,107.4670029,16.53300095,,,,,,,,,,
River,71518,Phú Ốc,Hương - Bồ,TP. Huế,2025-11-14 5:00,2.21,Trên BĐ1,1,0.71,1.5,3,4.5,5.24,2020,107.4670029,16.53300095,,,,,,,,,,
River,71518,Phú Ốc,Hương - Bồ,TP. Huế,2025-11-14 6:00,2.22,Trên BĐ1,1,0.72,1.5,3,4.5,5.24,2020,107.4670029,16.53300095,,,,,,,,,,
River,71518,Phú Ốc,Hương - Bồ,TP. Huế,2025-11-14 7:00,2.22,Trên BĐ1,1,0.72,1.5,3,4.5,5.24,2020,107.4670029,16.53300095,,,,,,,,,,
River,71518,Phú Ốc,Hương - Bồ,TP. Huế,2025-11-14 8:00,2.23,Trên BĐ1,1,0.73,1.5,3,4.5,5.24,2020,107.4670029,16.53300095,,,,,,,,,,
River,71518,Phú Ốc,Hương - Bồ,TP. Huế,2025-11-14 9:00,2.23,Trên BĐ1,1,0.73,1.5,3,4.5,5.24,2020,107.4670029,16.53300095,,,,,,,,,,
River,71518,Phú Ốc,Hương - Bồ,TP. Huế,2025-11-14 10:00,2.23,Trên BĐ1,1,0.73,1.5,3,4.5,5.24,2020,107.4670029,16.53300095,,,,,,,,,,
River,71518,Phú Ốc,Hương - Bồ,TP. Huế,2025-11-14 11:00,2.21,Trên BĐ1,1,0.71,1.5,3,4.5,5.24,2020,107.4670029,16.53300095,,,,,,,,,,
River,71518,Phú Ốc,Hương - Bồ,TP. Huế,2025-11-14 12:00,2.21,Trên BĐ1,1,0.71,1.5,3,4.5,5.24,2020,107.4670029,16.53300095,,,,,,,,,,
River,71518,Phú Ốc,Hương - Bồ,TP. Huế,2025-11-14 13:00,2.2,Trên BĐ1,1,0.7,1.5,3,4.5,5.24,2020,107.4670029,16.53300095,,,,,,,,,,
River,71518,Phú Ốc,Hương - Bồ,TP. Huế,2025-11-15 0:00,2.26,Trên BĐ1,1,0.76,1.5,3,4.5,5.24,2020,107.4670029,16.53300095,,,,,,,,,,
River,71518,Phú Ốc,Hương - Bồ,TP. Huế,2025-11-15 1:00,2.25,Trên BĐ1,1,0.75,1.5,3,4.5,5.24,2020,107.4670029,16.53300095,,,,,,,,,,
River,71518,Phú Ốc,Hương - Bồ,TP. Huế,2025-11-15 2:00,2.26,Trên BĐ1,1,0.76,1.5,3,4.5,5.24,2020,107.4670029,16.53300095,,,,,,,,,,
River,71518,Phú Ốc,Hương - Bồ,TP. Huế,2025-11-15 3:00,2.25,Trên BĐ1,1,0.75,1.5,3,4.5,5.24,2020,107.4670029,16.53300095,,,,,,,,,,
River,71518,Phú Ốc,Hương - Bồ,TP. Huế,2025-11-15 4:00,2.25,Trên BĐ1,1,0.75,1.5,3,4.5,5.24,2020,107.4670029,16.53300095,,,,,,,,,,
River,71518,Phú Ốc,Hương - Bồ,TP. Huế,2025-11-15 5:00,2.26,Trên BĐ1,1,0.76,1.5,3,4.5,5.24,2020,107.4670029,16.53300095,,,,,,,,,,
River,71518,Phú Ốc,Hương - Bồ,TP. Huế,2025-11-15 6:00,2.25,Trên BĐ1,1,0.75,1.5,3,4.5,5.24,2020,107.4670029,16.53300095,,,,,,,,,,
River,71518,Phú Ốc,Hương - Bồ,TP. Huế,2025-11-15 7:00,2.25,Trên BĐ1,1,0.75,1.5,3,4.5,5.24,2020,107.4670029,16.53300095,,,,,,,,,,
River,71518,Phú Ốc,Hương - Bồ,TP. Huế,2025-11-15 8:00,2.25,Trên BĐ1,1,0.75,1.5,3,4.5,5.24,2020,107.4670029,16.53300095,,,,,,,,,,
River,71518,Phú Ốc,Hương - Bồ,TP. Huế,2025-11-15 9:00,2.24,Trên BĐ1,1,0.74,1.5,3,4.5,5.24,2020,107.4670029,16.53300095,,,,,,,,,,
River,71518,Phú Ốc,Hương - Bồ,TP. Huế,2025-11-15 10:00,2.18,Trên BĐ1,1,0.68,1.5,3,4.5,5.24,2020,107.4670029,16.53300095,,,,,,,,,,
River,71518,Phú Ốc,Hương - Bồ,TP. Huế,2025-11-15 11:00,2.12,Trên BĐ1,1,0.62,1.5,3,4.5,5.24,2020,107.4670029,16.53300095,,,,,,,,,,
River,71518,Phú Ốc,Hương - Bồ,TP. Huế,2025-11-15 12:00,2.09,Trên BĐ1,1,0.59,1.5,3,4.5,5.24,2020,107.4670029,16.53300095,,,,,,,,,,
River,71566,Ninh Hòa,Cái Dinh,Khánh Hòa,2025-11-09 1:00,2.85,Bình thường,0,-1.35,4.2,5,5.7,6.58,1986,109.1330032,12.5,,,,,,,,,,
River,71566,Ninh Hòa,Cái Dinh,Khánh Hòa,2025-11-09 4:00,2.78,Bình thường,0,-1.42,4.2,5,5.7,6.58,1986,109.1330032,12.5,,,,,,,,,,
River,71566,Ninh Hòa,Cái Dinh,Khánh Hòa,2025-11-09 7:00,2.73,Bình thường,0,-1.47,4.2,5,5.7,6.58,1986,109.1330032,12.5,,,,,,,,,,
River,71566,Ninh Hòa,Cái Dinh,Khánh Hòa,2025-11-09 10:00,2.7,Bình thường,0,-1.5,4.2,5,5.7,6.58,1986,109.1330032,12.5,,,,,,,,,,
River,71566,Ninh Hòa,Cái Dinh,Khánh Hòa,2025-11-09 13:00,2.67,Bình thường,0,-1.53,4.2,5,5.7,6.58,1986,109.1330032,12.5,,,,,,,,,,
River,71566,Ninh Hòa,Cái Dinh,Khánh Hòa,2025-11-09 16:00,2.63,Bình thường,0,-1.57,4.2,5,5.7,6.58,1986,109.1330032,12.5,,,,,,,,,,
River,71566,Ninh Hòa,Cái Dinh,Khánh Hòa,2025-11-09 19:00,2.6,Bình thường,0,-1.6,4.2,5,5.7,6.58,1986,109.1330032,12.5,,,,,,,,,,
River,71566,Ninh Hòa,Cái Dinh,Khánh Hòa,2025-11-10 1:00,2.56,Bình thường,0,-1.64,4.2,5,5.7,6.58,1986,109.1330032,12.5,,,,,,,,,,
River,71566,Ninh Hòa,Cái Dinh,Khánh Hòa,2025-11-10 7:00,2.55,Bình thường,0,-1.65,4.2,5,5.7,6.58,1986,109.1330032,12.5,,,,,,,,,,
River,71566,Ninh Hòa,Cái Dinh,Khánh Hòa,2025-11-10 13:00,2.55,Bình thường,0,-1.65,4.2,5,5.7,6.58,1986,109.1330032,12.5,,,,,,,,,,
River,71566,Ninh Hòa,Cái Dinh,Khánh Hòa,2025-11-10 19:00,2.54,Bình thường,0,-1.66,4.2,5,5.7,6.58,1986,109.1330032,12.5,,,,,,,,,,
River,71566,Ninh Hòa,Cái Dinh,Khánh Hòa,2025-11-11 1:00,2.54,Bình thường,0,-1.66,4.2,5,5.7,6.58,1986,109.1330032,12.5,,,,,,,,,,
River,71566,Ninh Hòa,Cái Dinh,Khánh Hòa,2025-11-11 7:00,2.54,Bình thường,0,-1.66,4.2,5,5.7,6.58,1986,109.1330032,12.5,,,,,,,,,,
River,71566,Ninh Hòa,Cái Dinh,Khánh Hòa,2025-11-11 13:00,2.52,Bình thường,0,-1.68,4.2,5,5.7,6.58,1986,109.1330032,12.5,,,,,,,,,,
River,71566,Ninh Hòa,Cái Dinh,Khánh Hòa,2025-11-11 19:00,2.51,Bình thường,0,-1.69,4.2,5,5.7,6.58,1986,109.1330032,12.5,,,,,,,,,,
River,71566,Ninh Hòa,Cái Dinh,Khánh Hòa,2025-11-12 1:00,2.5,Bình thường,0,-1.7,4.2,5,5.7,6.58,1986,109.1330032,12.5,,,,,,,,,,
River,71566,Ninh Hòa,Cái Dinh,Khánh Hòa,2025-11-12 7:00,2.51,Bình thường,0,-1.69,4.2,5,5.7,6.58,1986,109.1330032,12.5,,,,,,,,,,
River,71566,Ninh Hòa,Cái Dinh,Khánh Hòa,2025-11-12 13:00,2.52,Bình thường,0,-1.68,4.2,5,5.7,6.58,1986,109.1330032,12.5,,,,,,,,,,
River,71566,Ninh Hòa,Cái Dinh,Khánh Hòa,2025-11-12 19:00,2.52,Bình thường,0,-1.68,4.2,5,5.7,6.58,1986,109.1330032,12.5,,,,,,,,,,
River,71566,Ninh Hòa,Cái Dinh,Khánh Hòa,2025-11-13 1:00,2.53,Bình thường,0,-1.67,4.2,5,5.7,6.58,1986,109.1330032,12.5,,,,,,,,,,
River,71566,Ninh Hòa,Cái Dinh,Khánh Hòa,2025-11-13 7:00,2.53,Bình thường,0,-1.67,4.2,5,5.7,6.58,1986,109.1330032,12.5,,,,,,,,,,
River,71566,Ninh Hòa,Cái Dinh,Khánh Hòa,2025-11-13 13:00,2.52,Bình thường,0,-1.68,4.2,5,5.7,6.58,1986,109.1330032,12.5,,,,,,,,,,
River,71566,Ninh Hòa,Cái Dinh,Khánh Hòa,2025-11-13 19:00,2.51,Bình thường,0,-1.69,4.2,5,5.7,6.58,1986,109.1330032,12.5,,,,,,,,,,
River,71566,Ninh Hòa,Cái Dinh,Khánh Hòa,2025-11-14 1:00,2.5,Bình thường,0,-1.7,4.2,5,5.7,6.58,1986,109.1330032,12.5,,,,,,,,,,
River,71566,Ninh Hòa,Cái Dinh,Khánh Hòa,2025-11-14 7:00,2.5,Bình thường,0,-1.7,4.2,5,5.7,6.58,1986,109.1330032,12.5,,,,,,,,,,
River,71566,Ninh Hòa,Cái Dinh,Khánh Hòa,2025-11-14 13:00,2.5,Bình thường,0,-1.7,4.2,5,5.7,6.58,1986,109.1330032,12.5,,,,,,,,,,
River,71566,Ninh Hòa,Cái Dinh,Khánh Hòa,2025-11-14 19:00,2.51,Bình thường,0,-1.69,4.2,5,5.7,6.58,1986,109.1330032,12.5,,,,,,,,,,
River,71566,Ninh Hòa,Cái Dinh,Khánh Hòa,2025-11-15 1:00,2.53,Bình thường,0,-1.67,4.2,5,5.7,6.58,1986,109.1330032,12.5,,,,,,,,,,
River,71566,Ninh Hòa,Cái Dinh,Khánh Hòa,2025-11-15 7:00,2.55,Bình thường,0,-1.65,4.2,5,5.7,6.58,1986,109.1330032,12.5,,,,,,,,,,
River,71520,Kim Long,Hương - Bồ,TP. Huế,2025-11-09 0:00,0.76,Bình thường,0,-0.24,1,2,3.5,5.81,1999,107.5667038,16.41666985,,,,,,,,,,
River,71520,Kim Long,Hương - Bồ,TP. Huế,2025-11-09 1:00,0.78,Bình thường,0,-0.22,1,2,3.5,5.81,1999,107.5667038,16.41666985,,,,,,,,,,
River,71520,Kim Long,Hương - Bồ,TP. Huế,2025-11-09 2:00,0.82,Bình thường,0,-0.18,1,2,3.5,5.81,1999,107.5667038,16.41666985,,,,,,,,,,
River,71520,Kim Long,Hương - Bồ,TP. Huế,2025-11-09 3:00,0.84,Bình thường,0,-0.16,1,2,3.5,5.81,1999,107.5667038,16.41666985,,,,,,,,,,
River,71520,Kim Long,Hương - Bồ,TP. Huế,2025-11-09 4:00,0.84,Bình thường,0,-0.16,1,2,3.5,5.81,1999,107.5667038,16.41666985,,,,,,,,,,
River,71520,Kim Long,Hương - Bồ,TP. Huế,2025-11-09 5:00,0.83,Bình thường,0,-0.17,1,2,3.5,5.81,1999,107.5667038,16.41666985,,,,,,,,,,
River,71520,Kim Long,Hương - Bồ,TP. Huế,2025-11-09 6:00,0.8,Bình thường,0,-0.2,1,2,3.5,5.81,1999,107.5667038,16.41666985,,,,,,,,,,
River,71520,Kim Long,Hương - Bồ,TP. Huế,2025-11-09 7:00,0.76,Bình thường,0,-0.24,1,2,3.5,5.81,1999,107.5667038,16.41666985,,,,,,,,,,
River,71520,Kim Long,Hương - Bồ,TP. Huế,2025-11-09 8:00,0.71,Bình thường,0,-0.29,1,2,3.5,5.81,1999,107.5667038,16.41666985,,,,,,,,,,
River,71520,Kim Long,Hương - Bồ,TP. Huế,2025-11-09 9:00,0.66,Bình thường,0,-0.34,1,2,3.5,5.81,1999,107.5667038,16.41666985,,,,,,,,,,
River,71520,Kim Long,Hương - Bồ,TP. Huế,2025-11-09 10:00,0.61,Bình thường,0,-0.39,1,2,3.5,5.81,1999,107.5667038,16.41666985,,,,,,,,,,
River,71520,Kim Long,Hương - Bồ,TP. Huế,2025-11-09 11:00,0.58,Bình thường,0,-0.42,1,2,3.5,5.81,1999,107.5667038,16.41666985,,,,,,,,,,
River,71520,Kim Long,Hương - Bồ,TP. Huế,2025-11-09 12:00,0.57,Bình thường,0,-0.43,1,2,3.5,5.81,1999,107.5667038,16.41666985,,,,,,,,,,
River,71520,Kim Long,Hương - Bồ,TP. Huế,2025-11-09 13:00,0.61,Bình thường,0,-0.39,1,2,3.5,5.81,1999,107.5667038,16.41666985,,,,,,,,,,
River,71520,Kim Long,Hương - Bồ,TP. Huế,2025-11-09 14:00,0.64,Bình thường,0,-0.36,1,2,3.5,5.81,1999,107.5667038,16.41666985,,,,,,,,,,
River,71520,Kim Long,Hương - Bồ,TP. Huế,2025-11-09 15:00,0.68,Bình thường,0,-0.32,1,2,3.5,5.81,1999,107.5667038,16.41666985,,,,,,,,,,
River,71520,Kim Long,Hương - Bồ,TP. Huế,2025-11-09 16:00,0.69,Bình thường,0,-0.31,1,2,3.5,5.81,1999,107.5667038,16.41666985,,,,,,,,,,
River,71520,Kim Long,Hương - Bồ,TP. Huế,2025-11-09 17:00,0.64,Bình thường,0,-0.36,1,2,3.5,5.81,1999,107.5667038,16.41666985,,,,,,,,,,
River,71520,Kim Long,Hương - Bồ,TP. Huế,2025-11-09 18:00,0.59,Bình thường,0,-0.41,1,2,3.5,5.81,1999,107.5667038,16.41666985,,,,,,,,,,
River,71520,Kim Long,Hương - Bồ,TP. Huế,2025-11-09 19:00,0.55,Bình thường,0,-0.45,1,2,3.5,5.81,1999,107.5667038,16.41666985,,,,,,,,,,
River,71520,Kim Long,Hương - Bồ,TP. Huế,2025-11-09 20:00,0.5,Bình thường,0,-0.5,1,2,3.5,5.81,1999,107.5667038,16.41666985,,,,,,,,,,
River,71520,Kim Long,Hương - Bồ,TP. Huế,2025-11-09 21:00,0.46,Bình thường,0,-0.54,1,2,3.5,5.81,1999,107.5667038,16.41666985,,,,,,,,,,
River,71520,Kim Long,Hương - Bồ,TP. Huế,2025-11-09 22:00,0.44,Bình thường,0,-0.56,1,2,3.5,5.81,1999,107.5667038,16.41666985,,,,,,,,,,
River,71520,Kim Long,Hương - Bồ,TP. Huế,2025-11-09 23:00,0.45,Bình thường,0,-0.55,1,2,3.5,5.81,1999,107.5667038,16.41666985,,,,,,,,,,
River,71520,Kim Long,Hương - Bồ,TP. Huế,2025-11-10 0:00,0.47,Bình thường,0,-0.53,1,2,3.5,5.81,1999,107.5667038,16.41666985,,,,,,,,,,
River,71520,Kim Long,Hương - Bồ,TP. Huế,2025-11-10 1:00,0.5,Bình thường,0,-0.5,1,2,3.5,5.81,1999,107.5667038,16.41666985,,,,,,,,,,
River,71520,Kim Long,Hương - Bồ,TP. Huế,2025-11-10 2:00,0.52,Bình thường,0,-0.48,1,2,3.5,5.81,1999,107.5667038,16.41666985,,,,,,,,,,
River,71520,Kim Long,Hương - Bồ,TP. Huế,2025-11-10 3:00,0.55,Bình thường,0,-0.45,1,2,3.5,5.81,1999,107.5667038,16.41666985,,,,,,,,,,
River,71520,Kim Long,Hương - Bồ,TP. Huế,2025-11-10 4:00,0.57,Bình thường,0,-0.43,1,2,3.5,5.81,1999,107.5667038,16.41666985,,,,,,,,,,
River,71520,Kim Long,Hương - Bồ,TP. Huế,2025-11-10 5:00,0.6,Bình thường,0,-0.4,1,2,3.5,5.81,1999,107.5667038,16.41666985,,,,,,,,,,
River,71520,Kim Long,Hương - Bồ,TP. Huế,2025-11-10 6:00,0.6,Bình thường,0,-0.4,1,2,3.5,5.81,1999,107.5667038,16.41666985,,,,,,,,,,
River,71520,Kim Long,Hương - Bồ,TP. Huế,2025-11-10 7:00,0.57,Bình thường,0,-0.43,1,2,3.5,5.81,1999,107.5667038,16.41666985,,,,,,,,,,
River,71520,Kim Long,Hương - Bồ,TP. Huế,2025-11-10 8:00,0.53,Bình thường,0,-0.47,1,2,3.5,5.81,1999,107.5667038,16.41666985,,,,,,,,,,
River,71520,Kim Long,Hương - Bồ,TP. Huế,2025-11-10 9:00,0.49,Bình thường,0,-0.51,1,2,3.5,5.81,1999,107.5667038,16.41666985,,,,,,,,,,
River,71520,Kim Long,Hương - Bồ,TP. Huế,2025-11-10 10:00,0.45,Bình thường,0,-0.55,1,2,3.5,5.81,1999,107.5667038,16.41666985,,,,,,,,,,
River,71520,Kim Long,Hương - Bồ,TP. Huế,2025-11-10 11:00,0.42,Bình thường,0,-0.58,1,2,3.5,5.81,1999,107.5667038,16.41666985,,,,,,,,,,
River,71520,Kim Long,Hương - Bồ,TP. Huế,2025-11-10 12:00,0.41,Bình thường,0,-0.59,1,2,3.5,5.81,1999,107.5667038,16.41666985,,,,,,,,,,
River,71520,Kim Long,Hương - Bồ,TP. Huế,2025-11-10 13:00,0.42,Bình thường,0,-0.58,1,2,3.5,5.81,1999,107.5667038,16.41666985,,,,,,,,,,
River,71520,Kim Long,Hương - Bồ,TP. Huế,2025-11-10 14:00,0.45,Bình thường,0,-0.55,1,2,3.5,5.81,1999,107.5667038,16.41666985,,,,,,,,,,
River,71520,Kim Long,Hương - Bồ,TP. Huế,2025-11-10 15:00,0.49,Bình thường,0,-0.51,1,2,3.5,5.81,1999,107.5667038,16.41666985,,,,,,,,,,
River,71520,Kim Long,Hương - Bồ,TP. Huế,2025-11-10 16:00,0.54,Bình thường,0,-0.46,1,2,3.5,5.81,1999,107.5667038,16.41666985,,,,,,,,,,
River,71520,Kim Long,Hương - Bồ,TP. Huế,2025-11-10 17:00,0.57,Bình thường,0,-0.43,1,2,3.5,5.81,1999,107.5667038,16.41666985,,,,,,,,,,
River,71520,Kim Long,Hương - Bồ,TP. Huế,2025-11-10 18:00,0.57,Bình thường,0,-0.43,1,2,3.5,5.81,1999,107.5667038,16.41666985,,,,,,,,,,
River,71520,Kim Long,Hương - Bồ,TP. Huế,2025-11-10 19:00,0.54,Bình thường,0,-0.46,1,2,3.5,5.81,1999,107.5667038,16.41666985,,,,,,,,,,
River,71520,Kim Long,Hương - Bồ,TP. Huế,2025-11-10 20:00,0.5,Bình thường,0,-0.5,1,2,3.5,5.81,1999,107.5667038,16.41666985,,,,,,,,,,
River,71520,Kim Long,Hương - Bồ,TP. Huế,2025-11-10 21:00,0.47,Bình thường,0,-0.53,1,2,3.5,5.81,1999,107.5667038,16.41666985,,,,,,,,,,
River,71520,Kim Long,Hương - Bồ,TP. Huế,2025-11-10 22:00,0.43,Bình thường,0,-0.57,1,2,3.5,5.81,1999,107.5667038,16.41666985,,,,,,,,,,
River,71520,Kim Long,Hương - Bồ,TP. Huế,2025-11-10 23:00,0.42,Bình thường,0,-0.58,1,2,3.5,5.81,1999,107.5667038,16.41666985,,,,,,,,,,
River,71520,Kim Long,Hương - Bồ,TP. Huế,2025-11-11 0:00,0.42,Bình thường,0,-0.58,1,2,3.5,5.81,1999,107.5667038,16.41666985,,,,,,,,,,
River,71520,Kim Long,Hương - Bồ,TP. Huế,2025-11-11 1:00,0.44,Bình thường,0,-0.56,1,2,3.5,5.81,1999,107.5667038,16.41666985,,,,,,,,,,
River,71520,Kim Long,Hương - Bồ,TP. Huế,2025-11-11 2:00,0.47,Bình thường,0,-0.53,1,2,3.5,5.81,1999,107.5667038,16.41666985,,,,,,,,,,
River,71520,Kim Long,Hương - Bồ,TP. Huế,2025-11-11 3:00,0.5,Bình thường,0,-0.5,1,2,3.5,5.81,1999,107.5667038,16.41666985,,,,,,,,,,
River,71520,Kim Long,Hương - Bồ,TP. Huế,2025-11-11 4:00,0.53,Bình thường,0,-0.47,1,2,3.5,5.81,1999,107.5667038,16.41666985,,,,,,,,,,
River,71520,Kim Long,Hương - Bồ,TP. Huế,2025-11-11 5:00,0.56,Bình thường,0,-0.44,1,2,3.5,5.81,1999,107.5667038,16.41666985,,,,,,,,,,
River,71520,Kim Long,Hương - Bồ,TP. Huế,2025-11-11 6:00,0.57,Bình thường,0,-0.43,1,2,3.5,5.81,1999,107.5667038,16.41666985,,,,,,,,,,
River,71520,Kim Long,Hương - Bồ,TP. Huế,2025-11-11 7:00,0.57,Bình thường,0,-0.43,1,2,3.5,5.81,1999,107.5667038,16.41666985,,,,,,,,,,
River,71520,Kim Long,Hương - Bồ,TP. Huế,2025-11-11 8:00,0.55,Bình thường,0,-0.45,1,2,3.5,5.81,1999,107.5667038,16.41666985,,,,,,,,,,
River,71520,Kim Long,Hương - Bồ,TP. Huế,2025-11-11 9:00,0.52,Bình thường,0,-0.48,1,2,3.5,5.81,1999,107.5667038,16.41666985,,,,,,,,,,
River,71520,Kim Long,Hương - Bồ,TP. Huế,2025-11-11 10:00,0.49,Bình thường,0,-0.51,1,2,3.5,5.81,1999,107.5667038,16.41666985,,,,,,,,,,
River,71520,Kim Long,Hương - Bồ,TP. Huế,2025-11-11 11:00,0.48,Bình thường,0,-0.52,1,2,3.5,5.81,1999,107.5667038,16.41666985,,,,,,,,,,
River,71520,Kim Long,Hương - Bồ,TP. Huế,2025-11-11 12:00,0.5,Bình thường,0,-0.5,1,2,3.5,5.81,1999,107.5667038,16.41666985,,,,,,,,,,
River,71520,Kim Long,Hương - Bồ,TP. Huế,2025-11-11 13:00,0.52,Bình thường,0,-0.48,1,2,3.5,5.81,1999,107.5667038,16.41666985,,,,,,,,,,
River,71520,Kim Long,Hương - Bồ,TP. Huế,2025-11-11 14:00,0.54,Bình thường,0,-0.46,1,2,3.5,5.81,1999,107.5667038,16.41666985,,,,,,,,,,
River,71520,Kim Long,Hương - Bồ,TP. Huế,2025-11-11 15:00,0.56,Bình thường,0,-0.44,1,2,3.5,5.81,1999,107.5667038,16.41666985,,,,,,,,,,
River,71520,Kim Long,Hương - Bồ,TP. Huế,2025-11-11 16:00,0.58,Bình thường,0,-0.42,1,2,3.5,5.81,1999,107.5667038,16.41666985,,,,,,,,,,
River,71520,Kim Long,Hương - Bồ,TP. Huế,2025-11-11 17:00,0.61,Bình thường,0,-0.39,1,2,3.5,5.81,1999,107.5667038,16.41666985,,,,,,,,,,
River,71520,Kim Long,Hương - Bồ,TP. Huế,2025-11-11 18:00,0.62,Bình thường,0,-0.38,1,2,3.5,5.81,1999,107.5667038,16.41666985,,,,,,,,,,
River,71520,Kim Long,Hương - Bồ,TP. Huế,2025-11-11 19:00,0.63,Bình thường,0,-0.37,1,2,3.5,5.81,1999,107.5667038,16.41666985,,,,,,,,,,
River,71520,Kim Long,Hương - Bồ,TP. Huế,2025-11-11 20:00,0.62,Bình thường,0,-0.38,1,2,3.5,5.81,1999,107.5667038,16.41666985,,,,,,,,,,
River,71520,Kim Long,Hương - Bồ,TP. Huế,2025-11-11 21:00,0.6,Bình thường,0,-0.4,1,2,3.5,5.81,1999,107.5667038,16.41666985,,,,,,,,,,
River,71520,Kim Long,Hương - Bồ,TP. Huế,2025-11-11 22:00,0.55,Bình thường,0,-0.45,1,2,3.5,5.81,1999,107.5667038,16.41666985,,,,,,,,,,
River,71520,Kim Long,Hương - Bồ,TP. Huế,2025-11-11 23:00,0.52,Bình thường,0,-0.48,1,2,3.5,5.81,1999,107.5667038,16.41666985,,,,,,,,,,
River,71520,Kim Long,Hương - Bồ,TP. Huế,2025-11-12 0:00,0.5,Bình thường,0,-0.5,1,2,3.5,5.81,1999,107.5667038,16.41666985,,,,,,,,,,
River,71520,Kim Long,Hương - Bồ,TP. Huế,2025-11-12 1:00,0.5,Bình thường,0,-0.5,1,2,3.5,5.81,1999,107.5667038,16.41666985,,,,,,,,,,
River,71520,Kim Long,Hương - Bồ,TP. Huế,2025-11-12 2:00,0.51,Bình thường,0,-0.49,1,2,3.5,5.81,1999,107.5667038,16.41666985,,,,,,,,,,
River,71520,Kim Long,Hương - Bồ,TP. Huế,2025-11-12 3:00,0.54,Bình thường,0,-0.46,1,2,3.5,5.81,1999,107.5667038,16.41666985,,,,,,,,,,
River,71520,Kim Long,Hương - Bồ,TP. Huế,2025-11-12 4:00,0.56,Bình thường,0,-0.44,1,2,3.5,5.81,1999,107.5667038,16.41666985,,,,,,,,,,
River,71520,Kim Long,Hương - Bồ,TP. Huế,2025-11-12 5:00,0.59,Bình thường,0,-0.41,1,2,3.5,5.81,1999,107.5667038,16.41666985,,,,,,,,,,
River,71520,Kim Long,Hương - Bồ,TP. Huế,2025-11-12 6:00,0.62,Bình thường,0,-0.38,1,2,3.5,5.81,1999,107.5667038,16.41666985,,,,,,,,,,
River,71520,Kim Long,Hương - Bồ,TP. Huế,2025-11-12 7:00,0.64,Bình thường,0,-0.36,1,2,3.5,5.81,1999,107.5667038,16.41666985,,,,,,,,,,
River,71520,Kim Long,Hương - Bồ,TP. Huế,2025-11-12 8:00,0.65,Bình thường,0,-0.35,1,2,3.5,5.81,1999,107.5667038,16.41666985,,,,,,,,,,
River,71520,Kim Long,Hương - Bồ,TP. Huế,2025-11-12 9:00,0.64,Bình thường,0,-0.36,1,2,3.5,5.81,1999,107.5667038,16.41666985,,,,,,,,,,
River,71520,Kim Long,Hương - Bồ,TP. Huế,2025-11-12 10:00,0.63,Bình thường,0,-0.37,1,2,3.5,5.81,1999,107.5667038,16.41666985,,,,,,,,,,
River,71520,Kim Long,Hương - Bồ,TP. Huế,2025-11-12 11:00,0.62,Bình thường,0,-0.38,1,2,3.5,5.81,1999,107.5667038,16.41666985,,,,,,,,,,
River,71520,Kim Long,Hương - Bồ,TP. Huế,2025-11-12 12:00,0.61,Bình thường,0,-0.39,1,2,3.5,5.81,1999,107.5667038,16.41666985,,,,,,,,,,
River,71520,Kim Long,Hương - Bồ,TP. Huế,2025-11-12 13:00,0.6,Bình thường,0,-0.4,1,2,3.5,5.81,1999,107.5667038,16.41666985,,,,,,,,,,
River,71520,Kim Long,Hương - Bồ,TP. Huế,2025-11-12 14:00,0.6,Bình thường,0,-0.4,1,2,3.5,5.81,1999,107.5667038,16.41666985,,,,,,,,,,
River,71520,Kim Long,Hương - Bồ,TP. Huế,2025-11-12 15:00,0.62,Bình thường,0,-0.38,1,2,3.5,5.81,1999,107.5667038,16.41666985,,,,,,,,,,
River,71520,Kim Long,Hương - Bồ,TP. Huế,2025-11-12 16:00,0.66,Bình thường,0,-0.34,1,2,3.5,5.81,1999,107.5667038,16.41666985,,,,,,,,,,
River,71520,Kim Long,Hương - Bồ,TP. Huế,2025-11-12 17:00,0.72,Bình thường,0,-0.28,1,2,3.5,5.81,1999,107.5667038,16.41666985,,,,,,,,,,
River,71520,Kim Long,Hương - Bồ,TP. Huế,2025-11-12 18:00,0.79,Bình thường,0,-0.21,1,2,3.5,5.81,1999,107.5667038,16.41666985,,,,,,,,,,
River,71520,Kim Long,Hương - Bồ,TP. Huế,2025-11-12 19:00,0.84,Bình thường,0,-0.16,1,2,3.5,5.81,1999,107.5667038,16.41666985,,,,,,,,,,
River,71520,Kim Long,Hương - Bồ,TP. Huế,2025-11-12 20:00,0.87,Bình thường,0,-0.13,1,2,3.5,5.81,1999,107.5667038,16.41666985,,,,,,,,,,
River,71520,Kim Long,Hương - Bồ,TP. Huế,2025-11-12 21:00,0.86,Bình thường,0,-0.14,1,2,3.5,5.81,1999,107.5667038,16.41666985,,,,,,,,,,
River,71520,Kim Long,Hương - Bồ,TP. Huế,2025-11-12 22:00,0.85,Bình thường,0,-0.15,1,2,3.5,5.81,1999,107.5667038,16.41666985,,,,,,,,,,
River,71520,Kim Long,Hương - Bồ,TP. Huế,2025-11-12 23:00,0.83,Bình thường,0,-0.17,1,2,3.5,5.81,1999,107.5667038,16.41666985,,,,,,,,,,
River,71520,Kim Long,Hương - Bồ,TP. Huế,2025-11-13 1:00,0.79,Bình thường,0,-0.21,1,2,3.5,5.81,1999,107.5667038,16.41666985,,,,,,,,,,
River,71520,Kim Long,Hương - Bồ,TP. Huế,2025-11-13 2:00,0.77,Bình thường,0,-0.23,1,2,3.5,5.81,1999,107.5667038,16.41666985,,,,,,,,,,
River,71520,Kim Long,Hương - Bồ,TP. Huế,2025-11-13 3:00,0.76,Bình thường,0,-0.24,1,2,3.5,5.81,1999,107.5667038,16.41666985,,,,,,,,,,
River,71520,Kim Long,Hương - Bồ,TP. Huế,2025-11-13 4:00,0.75,Bình thường,0,-0.25,1,2,3.5,5.81,1999,107.5667038,16.41666985,,,,,,,,,,
River,71520,Kim Long,Hương - Bồ,TP. Huế,2025-11-13 5:00,0.75,Bình thường,0,-0.25,1,2,3.5,5.81,1999,107.5667038,16.41666985,,,,,,,,,,
River,71520,Kim Long,Hương - Bồ,TP. Huế,2025-11-13 6:00,0.76,Bình thường,0,-0.24,1,2,3.5,5.81,1999,107.5667038,16.41666985,,,,,,,,,,
River,71520,Kim Long,Hương - Bồ,TP. Huế,2025-11-13 7:00,0.78,Bình thường,0,-0.22,1,2,3.5,5.81,1999,107.5667038,16.41666985,,,,,,,,,,
River,71520,Kim Long,Hương - Bồ,TP. Huế,2025-11-13 8:00,0.8,Bình thường,0,-0.2,1,2,3.5,5.81,1999,107.5667038,16.41666985,,,,,,,,,,
River,71520,Kim Long,Hương - Bồ,TP. Huế,2025-11-13 9:00,0.82,Bình thường,0,-0.18,1,2,3.5,5.81,1999,107.5667038,16.41666985,,,,,,,,,,
River,71520,Kim Long,Hương - Bồ,TP. Huế,2025-11-13 10:00,0.82,Bình thường,0,-0.18,1,2,3.5,5.81,1999,107.5667038,16.41666985,,,,,,,,,,
River,71520,Kim Long,Hương - Bồ,TP. Huế,2025-11-13 11:00,0.82,Bình thường,0,-0.18,1,2,3.5,5.81,1999,107.5667038,16.41666985,,,,,,,,,,
River,71520,Kim Long,Hương - Bồ,TP. Huế,2025-11-13 12:00,0.82,Bình thường,0,-0.18,1,2,3.5,5.81,1999,107.5667038,16.41666985,,,,,,,,,,
River,71520,Kim Long,Hương - Bồ,TP. Huế,2025-11-13 13:00,0.82,Bình thường,0,-0.18,1,2,3.5,5.81,1999,107.5667038,16.41666985,,,,,,,,,,
River,71520,Kim Long,Hương - Bồ,TP. Huế,2025-11-13 14:00,0.82,Bình thường,0,-0.18,1,2,3.5,5.81,1999,107.5667038,16.41666985,,,,,,,,,,
River,71520,Kim Long,Hương - Bồ,TP. Huế,2025-11-13 15:00,0.81,Bình thường,0,-0.19,1,2,3.5,5.81,1999,107.5667038,16.41666985,,,,,,,,,,
River,71520,Kim Long,Hương - Bồ,TP. Huế,2025-11-13 16:00,0.82,Bình thường,0,-0.18,1,2,3.5,5.81,1999,107.5667038,16.41666985,,,,,,,,,,
River,71520,Kim Long,Hương - Bồ,TP. Huế,2025-11-13 17:00,0.83,Bình thường,0,-0.17,1,2,3.5,5.81,1999,107.5667038,16.41666985,,,,,,,,,,
River,71520,Kim Long,Hương - Bồ,TP. Huế,2025-11-13 18:00,0.85,Bình thường,0,-0.15,1,2,3.5,5.81,1999,107.5667038,16.41666985,,,,,,,,,,
River,71520,Kim Long,Hương - Bồ,TP. Huế,2025-11-13 19:00,0.87,Bình thường,0,-0.13,1,2,3.5,5.81,1999,107.5667038,16.41666985,,,,,,,,,,
River,71520,Kim Long,Hương - Bồ,TP. Huế,2025-11-13 20:00,0.88,Bình thường,0,-0.12,1,2,3.5,5.81,1999,107.5667038,16.41666985,,,,,,,,,,
River,71520,Kim Long,Hương - Bồ,TP. Huế,2025-11-13 21:00,0.89,Bình thường,0,-0.11,1,2,3.5,5.81,1999,107.5667038,16.41666985,,,,,,,,,,
River,71520,Kim Long,Hương - Bồ,TP. Huế,2025-11-13 22:00,0.89,Bình thường,0,-0.11,1,2,3.5,5.81,1999,107.5667038,16.41666985,,,,,,,,,,
River,71520,Kim Long,Hương - Bồ,TP. Huế,2025-11-14 0:00,0.88,Bình thường,0,-0.12,1,2,3.5,5.81,1999,107.5667038,16.41666985,,,,,,,,,,
River,71520,Kim Long,Hương - Bồ,TP. Huế,2025-11-14 1:00,0.87,Bình thường,0,-0.13,1,2,3.5,5.81,1999,107.5667038,16.41666985,,,,,,,,,,
River,71520,Kim Long,Hương - Bồ,TP. Huế,2025-11-14 2:00,0.85,Bình thường,0,-0.15,1,2,3.5,5.81,1999,107.5667038,16.41666985,,,,,,,,,,
River,71520,Kim Long,Hương - Bồ,TP. Huế,2025-11-14 3:00,0.83,Bình thường,0,-0.17,1,2,3.5,5.81,1999,107.5667038,16.41666985,,,,,,,,,,
River,71520,Kim Long,Hương - Bồ,TP. Huế,2025-11-14 4:00,0.81,Bình thường,0,-0.19,1,2,3.5,5.81,1999,107.5667038,16.41666985,,,,,,,,,,
River,71520,Kim Long,Hương - Bồ,TP. Huế,2025-11-14 5:00,0.8,Bình thường,0,-0.2,1,2,3.5,5.81,1999,107.5667038,16.41666985,,,,,,,,,,
River,71520,Kim Long,Hương - Bồ,TP. Huế,2025-11-14 6:00,0.79,Bình thường,0,-0.21,1,2,3.5,5.81,1999,107.5667038,16.41666985,,,,,,,,,,
River,71520,Kim Long,Hương - Bồ,TP. Huế,2025-11-14 7:00,0.8,Bình thường,0,-0.2,1,2,3.5,5.81,1999,107.5667038,16.41666985,,,,,,,,,,
River,71520,Kim Long,Hương - Bồ,TP. Huế,2025-11-14 8:00,0.81,Bình thường,0,-0.19,1,2,3.5,5.81,1999,107.5667038,16.41666985,,,,,,,,,,
River,71520,Kim Long,Hương - Bồ,TP. Huế,2025-11-14 9:00,0.83,Bình thường,0,-0.17,1,2,3.5,5.81,1999,107.5667038,16.41666985,,,,,,,,,,
River,71520,Kim Long,Hương - Bồ,TP. Huế,2025-11-14 10:00,0.87,Bình thường,0,-0.13,1,2,3.5,5.81,1999,107.5667038,16.41666985,,,,,,,,,,
River,71520,Kim Long,Hương - Bồ,TP. Huế,2025-11-14 11:00,0.9,Bình thường,0,-0.1,1,2,3.5,5.81,1999,107.5667038,16.41666985,,,,,,,,,,
River,71520,Kim Long,Hương - Bồ,TP. Huế,2025-11-14 12:00,0.92,Bình thường,0,-0.08,1,2,3.5,5.81,1999,107.5667038,16.41666985,,,,,,,,,,
River,71520,Kim Long,Hương - Bồ,TP. Huế,2025-11-14 13:00,0.94,Bình thường,0,-0.06,1,2,3.5,5.81,1999,107.5667038,16.41666985,,,,,,,,,,
River,71520,Kim Long,Hương - Bồ,TP. Huế,2025-11-15 0:00,1.15,Trên BĐ1,1,0.15,1,2,3.5,5.81,1999,107.5667038,16.41666985,,,,,,,,,,
River,71520,Kim Long,Hương - Bồ,TP. Huế,2025-11-15 1:00,1.15,Trên BĐ1,1,0.15,1,2,3.5,5.81,1999,107.5667038,16.41666985,,,,,,,,,,
River,71520,Kim Long,Hương - Bồ,TP. Huế,2025-11-15 2:00,1.14,Trên BĐ1,1,0.14,1,2,3.5,5.81,1999,107.5667038,16.41666985,,,,,,,,,,
River,71520,Kim Long,Hương - Bồ,TP. Huế,2025-11-15 3:00,1.12,Trên BĐ1,1,0.12,1,2,3.5,5.81,1999,107.5667038,16.41666985,,,,,,,,,,
River,71520,Kim Long,Hương - Bồ,TP. Huế,2025-11-15 4:00,1.1,Trên BĐ1,1,0.1,1,2,3.5,5.81,1999,107.5667038,16.41666985,,,,,,,,,,
River,71520,Kim Long,Hương - Bồ,TP. Huế,2025-11-15 5:00,1.07,Trên BĐ1,1,0.07,1,2,3.5,5.81,1999,107.5667038,16.41666985,,,,,,,,,,
River,71520,Kim Long,Hương - Bồ,TP. Huế,2025-11-15 6:00,1.05,Trên BĐ1,1,0.05,1,2,3.5,5.81,1999,107.5667038,16.41666985,,,,,,,,,,
River,71520,Kim Long,Hương - Bồ,TP. Huế,2025-11-15 7:00,1.03,Trên BĐ1,1,0.03,1,2,3.5,5.81,1999,107.5667038,16.41666985,,,,,,,,,,
River,71520,Kim Long,Hương - Bồ,TP. Huế,2025-11-15 8:00,1.02,Trên BĐ1,1,0.02,1,2,3.5,5.81,1999,107.5667038,16.41666985,,,,,,,,,,
River,71520,Kim Long,Hương - Bồ,TP. Huế,2025-11-15 9:00,1.02,Trên BĐ1,1,0.02,1,2,3.5,5.81,1999,107.5667038,16.41666985,,,,,,,,,,
River,71520,Kim Long,Hương - Bồ,TP. Huế,2025-11-15 10:00,1.01,Trên BĐ1,1,0.01,1,2,3.5,5.81,1999,107.5667038,16.41666985,,,,,,,,,,
River,71520,Kim Long,Hương - Bồ,TP. Huế,2025-11-15 11:00,1.01,Trên BĐ1,1,0.01,1,2,3.5,5.81,1999,107.5667038,16.41666985,,,,,,,,,,
River,71520,Kim Long,Hương - Bồ,TP. Huế,2025-11-15 12:00,1.01,Trên BĐ1,1,0.01,1,2,3.5,5.81,1999,107.5667038,16.41666985,,,,,,,,,,
River,71557,Hà Bằng,Kỳ Lộ,Đắk Lắk,2025-11-09 1:00,5.5,Bình thường,0,-2,7.5,8.5,9.5,14,2009,109.1289978,13.36100006,,,,,,,,,,
River,71557,Hà Bằng,Kỳ Lộ,Đắk Lắk,2025-11-09 4:00,5.44,Bình thường,0,-2.06,7.5,8.5,9.5,14,2009,109.1289978,13.36100006,,,,,,,,,,
River,71557,Hà Bằng,Kỳ Lộ,Đắk Lắk,2025-11-09 7:00,5.36,Bình thường,0,-2.14,7.5,8.5,9.5,14,2009,109.1289978,13.36100006,,,,,,,,,,
River,71557,Hà Bằng,Kỳ Lộ,Đắk Lắk,2025-11-09 10:00,5.29,Bình thường,0,-2.21,7.5,8.5,9.5,14,2009,109.1289978,13.36100006,,,,,,,,,,
River,71557,Hà Bằng,Kỳ Lộ,Đắk Lắk,2025-11-09 13:00,5.24,Bình thường,0,-2.26,7.5,8.5,9.5,14,2009,109.1289978,13.36100006,,,,,,,,,,
River,71557,Hà Bằng,Kỳ Lộ,Đắk Lắk,2025-11-09 16:00,5.18,Bình thường,0,-2.32,7.5,8.5,9.5,14,2009,109.1289978,13.36100006,,,,,,,,,,
River,71557,Hà Bằng,Kỳ Lộ,Đắk Lắk,2025-11-09 19:00,5.13,Bình thường,0,-2.37,7.5,8.5,9.5,14,2009,109.1289978,13.36100006,,,,,,,,,,
River,71557,Hà Bằng,Kỳ Lộ,Đắk Lắk,2025-11-10 1:00,5.04,Bình thường,0,-2.46,7.5,8.5,9.5,14,2009,109.1289978,13.36100006,,,,,,,,,,
River,71557,Hà Bằng,Kỳ Lộ,Đắk Lắk,2025-11-10 4:00,5,Bình thường,0,-2.5,7.5,8.5,9.5,14,2009,109.1289978,13.36100006,,,,,,,,,,
River,71557,Hà Bằng,Kỳ Lộ,Đắk Lắk,2025-11-10 7:00,4.95,Bình thường,0,-2.55,7.5,8.5,9.5,14,2009,109.1289978,13.36100006,,,,,,,,,,
River,71557,Hà Bằng,Kỳ Lộ,Đắk Lắk,2025-11-10 10:00,4.91,Bình thường,0,-2.59,7.5,8.5,9.5,14,2009,109.1289978,13.36100006,,,,,,,,,,
River,71557,Hà Bằng,Kỳ Lộ,Đắk Lắk,2025-11-10 13:00,4.88,Bình thường,0,-2.62,7.5,8.5,9.5,14,2009,109.1289978,13.36100006,,,,,,,,,,
River,71557,Hà Bằng,Kỳ Lộ,Đắk Lắk,2025-11-10 16:00,4.83,Bình thường,0,-2.67,7.5,8.5,9.5,14,2009,109.1289978,13.36100006,,,,,,,,,,
River,71557,Hà Bằng,Kỳ Lộ,Đắk Lắk,2025-11-10 19:00,4.78,Bình thường,0,-2.72,7.5,8.5,9.5,14,2009,109.1289978,13.36100006,,,,,,,,,,
River,71557,Hà Bằng,Kỳ Lộ,Đắk Lắk,2025-11-11 1:00,4.66,Bình thường,0,-2.84,7.5,8.5,9.5,14,2009,109.1289978,13.36100006,,,,,,,,,,
River,71557,Hà Bằng,Kỳ Lộ,Đắk Lắk,2025-11-11 7:00,4.58,Bình thường,0,-2.92,7.5,8.5,9.5,14,2009,109.1289978,13.36100006,,,,,,,,,,
River,71557,Hà Bằng,Kỳ Lộ,Đắk Lắk,2025-11-11 13:00,4.52,Bình thường,0,-2.98,7.5,8.5,9.5,14,2009,109.1289978,13.36100006,,,,,,,,,,
River,71557,Hà Bằng,Kỳ Lộ,Đắk Lắk,2025-11-11 19:00,4.47,Bình thường,0,-3.03,7.5,8.5,9.5,14,2009,109.1289978,13.36100006,,,,,,,,,,
River,71557,Hà Bằng,Kỳ Lộ,Đắk Lắk,2025-11-12 1:00,4.42,Bình thường,0,-3.08,7.5,8.5,9.5,14,2009,109.1289978,13.36100006,,,,,,,,,,
River,71557,Hà Bằng,Kỳ Lộ,Đắk Lắk,2025-11-12 7:00,4.36,Bình thường,0,-3.14,7.5,8.5,9.5,14,2009,109.1289978,13.36100006,,,,,,,,,,
River,71557,Hà Bằng,Kỳ Lộ,Đắk Lắk,2025-11-12 13:00,4.32,Bình thường,0,-3.18,7.5,8.5,9.5,14,2009,109.1289978,13.36100006,,,,,,,,,,
River,71557,Hà Bằng,Kỳ Lộ,Đắk Lắk,2025-11-12 19:00,4.27,Bình thường,0,-3.23,7.5,8.5,9.5,14,2009,109.1289978,13.36100006,,,,,,,,,,
River,71557,Hà Bằng,Kỳ Lộ,Đắk Lắk,2025-11-13 1:00,4.22,Bình thường,0,-3.28,7.5,8.5,9.5,14,2009,109.1289978,13.36100006,,,,,,,,,,
River,71557,Hà Bằng,Kỳ Lộ,Đắk Lắk,2025-11-13 7:00,4.19,Bình thường,0,-3.31,7.5,8.5,9.5,14,2009,109.1289978,13.36100006,,,,,,,,,,
River,71557,Hà Bằng,Kỳ Lộ,Đắk Lắk,2025-11-13 13:00,4.14,Bình thường,0,-3.36,7.5,8.5,9.5,14,2009,109.1289978,13.36100006,,,,,,,,,,
River,71557,Hà Bằng,Kỳ Lộ,Đắk Lắk,2025-11-13 19:00,4.11,Bình thường,0,-3.39,7.5,8.5,9.5,14,2009,109.1289978,13.36100006,,,,,,,,,,
River,71557,Hà Bằng,Kỳ Lộ,Đắk Lắk,2025-11-14 1:00,4.07,Bình thường,0,-3.43,7.5,8.5,9.5,14,2009,109.1289978,13.36100006,,,,,,,,,,
River,71557,Hà Bằng,Kỳ Lộ,Đắk Lắk,2025-11-14 7:00,4.03,Bình thường,0,-3.47,7.5,8.5,9.5,14,2009,109.1289978,13.36100006,,,,,,,,,,
River,71557,Hà Bằng,Kỳ Lộ,Đắk Lắk,2025-11-14 13:00,3.99,Bình thường,0,-3.51,7.5,8.5,9.5,14,2009,109.1289978,13.36100006,,,,,,,,,,
River,71557,Hà Bằng,Kỳ Lộ,Đắk Lắk,2025-11-14 19:00,3.99,Bình thường,0,-3.51,7.5,8.5,9.5,14,2009,109.1289978,13.36100006,,,,,,,,,,
River,71557,Hà Bằng,Kỳ Lộ,Đắk Lắk,2025-11-15 1:00,3.99,Bình thường,0,-3.51,7.5,8.5,9.5,14,2009,109.1289978,13.36100006,,,,,,,,,,
River,71557,Hà Bằng,Kỳ Lộ,Đắk Lắk,2025-11-15 7:00,3.95,Bình thường,0,-3.55,7.5,8.5,9.5,14,2009,109.1289978,13.36100006,,,,,,,,,,
River,71541,Vệ,Vệ,Quảng Ngãi,2025-11-09 0:00,1.62,Bình thường,0,-0.88,2.5,3.5,4.5,6.03,2013,108.8519897,15.03997517,,,,,,,,,,
River,71541,Vệ,Vệ,Quảng Ngãi,2025-11-09 1:00,1.55,Bình thường,0,-0.95,2.5,3.5,4.5,6.03,2013,108.8519897,15.03997517,,,,,,,,,,
River,71541,Vệ,Vệ,Quảng Ngãi,2025-11-09 2:00,1.45,Bình thường,0,-1.05,2.5,3.5,4.5,6.03,2013,108.8519897,15.03997517,,,,,,,,,,
River,71541,Vệ,Vệ,Quảng Ngãi,2025-11-09 3:00,1.36,Bình thường,0,-1.14,2.5,3.5,4.5,6.03,2013,108.8519897,15.03997517,,,,,,,,,,
River,71541,Vệ,Vệ,Quảng Ngãi,2025-11-09 4:00,1.29,Bình thường,0,-1.21,2.5,3.5,4.5,6.03,2013,108.8519897,15.03997517,,,,,,,,,,
River,71541,Vệ,Vệ,Quảng Ngãi,2025-11-09 5:00,1.25,Bình thường,0,-1.25,2.5,3.5,4.5,6.03,2013,108.8519897,15.03997517,,,,,,,,,,
River,71541,Vệ,Vệ,Quảng Ngãi,2025-11-09 6:00,1.22,Bình thường,0,-1.28,2.5,3.5,4.5,6.03,2013,108.8519897,15.03997517,,,,,,,,,,
River,71541,Vệ,Vệ,Quảng Ngãi,2025-11-09 7:00,1.2,Bình thường,0,-1.3,2.5,3.5,4.5,6.03,2013,108.8519897,15.03997517,,,,,,,,,,
River,71541,Vệ,Vệ,Quảng Ngãi,2025-11-09 8:00,1.18,Bình thường,0,-1.32,2.5,3.5,4.5,6.03,2013,108.8519897,15.03997517,,,,,,,,,,
River,71541,Vệ,Vệ,Quảng Ngãi,2025-11-09 9:00,1.17,Bình thường,0,-1.33,2.5,3.5,4.5,6.03,2013,108.8519897,15.03997517,,,,,,,,,,
River,71541,Vệ,Vệ,Quảng Ngãi,2025-11-09 10:00,1.16,Bình thường,0,-1.34,2.5,3.5,4.5,6.03,2013,108.8519897,15.03997517,,,,,,,,,,
River,71541,Vệ,Vệ,Quảng Ngãi,2025-11-09 11:00,1.15,Bình thường,0,-1.35,2.5,3.5,4.5,6.03,2013,108.8519897,15.03997517,,,,,,,,,,
River,71541,Vệ,Vệ,Quảng Ngãi,2025-11-09 12:00,1.15,Bình thường,0,-1.35,2.5,3.5,4.5,6.03,2013,108.8519897,15.03997517,,,,,,,,,,
River,71541,Vệ,Vệ,Quảng Ngãi,2025-11-09 13:00,1.15,Bình thường,0,-1.35,2.5,3.5,4.5,6.03,2013,108.8519897,15.03997517,,,,,,,,,,
River,71541,Vệ,Vệ,Quảng Ngãi,2025-11-09 14:00,1.15,Bình thường,0,-1.35,2.5,3.5,4.5,6.03,2013,108.8519897,15.03997517,,,,,,,,,,
River,71541,Vệ,Vệ,Quảng Ngãi,2025-11-09 15:00,1.16,Bình thường,0,-1.34,2.5,3.5,4.5,6.03,2013,108.8519897,15.03997517,,,,,,,,,,
River,71541,Vệ,Vệ,Quảng Ngãi,2025-11-09 16:00,1.17,Bình thường,0,-1.33,2.5,3.5,4.5,6.03,2013,108.8519897,15.03997517,,,,,,,,,,
River,71541,Vệ,Vệ,Quảng Ngãi,2025-11-09 17:00,1.18,Bình thường,0,-1.32,2.5,3.5,4.5,6.03,2013,108.8519897,15.03997517,,,,,,,,,,
River,71541,Vệ,Vệ,Quảng Ngãi,2025-11-09 18:00,1.2,Bình thường,0,-1.3,2.5,3.5,4.5,6.03,2013,108.8519897,15.03997517,,,,,,,,,,
River,71541,Vệ,Vệ,Quảng Ngãi,2025-11-09 19:00,1.23,Bình thường,0,-1.27,2.5,3.5,4.5,6.03,2013,108.8519897,15.03997517,,,,,,,,,,
River,71541,Vệ,Vệ,Quảng Ngãi,2025-11-09 20:00,1.3,Bình thường,0,-1.2,2.5,3.5,4.5,6.03,2013,108.8519897,15.03997517,,,,,,,,,,
River,71541,Vệ,Vệ,Quảng Ngãi,2025-11-09 21:00,1.36,Bình thường,0,-1.14,2.5,3.5,4.5,6.03,2013,108.8519897,15.03997517,,,,,,,,,,
River,71541,Vệ,Vệ,Quảng Ngãi,2025-11-09 22:00,1.41,Bình thường,0,-1.09,2.5,3.5,4.5,6.03,2013,108.8519897,15.03997517,,,,,,,,,,
River,71541,Vệ,Vệ,Quảng Ngãi,2025-11-09 23:00,1.48,Bình thường,0,-1.02,2.5,3.5,4.5,6.03,2013,108.8519897,15.03997517,,,,,,,,,,
River,71541,Vệ,Vệ,Quảng Ngãi,2025-11-10 0:00,1.47,Bình thường,0,-1.03,2.5,3.5,4.5,6.03,2013,108.8519897,15.03997517,,,,,,,,,,
River,71541,Vệ,Vệ,Quảng Ngãi,2025-11-10 1:00,1.45,Bình thường,0,-1.05,2.5,3.5,4.5,6.03,2013,108.8519897,15.03997517,,,,,,,,,,
River,71541,Vệ,Vệ,Quảng Ngãi,2025-11-10 2:00,1.36,Bình thường,0,-1.14,2.5,3.5,4.5,6.03,2013,108.8519897,15.03997517,,,,,,,,,,
River,71541,Vệ,Vệ,Quảng Ngãi,2025-11-10 3:00,1.26,Bình thường,0,-1.24,2.5,3.5,4.5,6.03,2013,108.8519897,15.03997517,,,,,,,,,,
River,71541,Vệ,Vệ,Quảng Ngãi,2025-11-10 4:00,1.15,Bình thường,0,-1.35,2.5,3.5,4.5,6.03,2013,108.8519897,15.03997517,,,,,,,,,,
River,71541,Vệ,Vệ,Quảng Ngãi,2025-11-10 5:00,1.08,Bình thường,0,-1.42,2.5,3.5,4.5,6.03,2013,108.8519897,15.03997517,,,,,,,,,,
River,71541,Vệ,Vệ,Quảng Ngãi,2025-11-10 6:00,1.04,Bình thường,0,-1.46,2.5,3.5,4.5,6.03,2013,108.8519897,15.03997517,,,,,,,,,,
River,71541,Vệ,Vệ,Quảng Ngãi,2025-11-10 7:00,1.01,Bình thường,0,-1.49,2.5,3.5,4.5,6.03,2013,108.8519897,15.03997517,,,,,,,,,,
River,71541,Vệ,Vệ,Quảng Ngãi,2025-11-10 8:00,0.99,Bình thường,0,-1.51,2.5,3.5,4.5,6.03,2013,108.8519897,15.03997517,,,,,,,,,,
River,71541,Vệ,Vệ,Quảng Ngãi,2025-11-10 9:00,0.98,Bình thường,0,-1.52,2.5,3.5,4.5,6.03,2013,108.8519897,15.03997517,,,,,,,,,,
River,71541,Vệ,Vệ,Quảng Ngãi,2025-11-10 10:00,0.97,Bình thường,0,-1.53,2.5,3.5,4.5,6.03,2013,108.8519897,15.03997517,,,,,,,,,,
River,71541,Vệ,Vệ,Quảng Ngãi,2025-11-10 11:00,0.97,Bình thường,0,-1.53,2.5,3.5,4.5,6.03,2013,108.8519897,15.03997517,,,,,,,,,,
River,71541,Vệ,Vệ,Quảng Ngãi,2025-11-10 12:00,0.96,Bình thường,0,-1.54,2.5,3.5,4.5,6.03,2013,108.8519897,15.03997517,,,,,,,,,,
River,71541,Vệ,Vệ,Quảng Ngãi,2025-11-10 13:00,0.97,Bình thường,0,-1.53,2.5,3.5,4.5,6.03,2013,108.8519897,15.03997517,,,,,,,,,,
River,71541,Vệ,Vệ,Quảng Ngãi,2025-11-10 14:00,0.98,Bình thường,0,-1.52,2.5,3.5,4.5,6.03,2013,108.8519897,15.03997517,,,,,,,,,,
River,71541,Vệ,Vệ,Quảng Ngãi,2025-11-10 15:00,1,Bình thường,0,-1.5,2.5,3.5,4.5,6.03,2013,108.8519897,15.03997517,,,,,,,,,,
River,71541,Vệ,Vệ,Quảng Ngãi,2025-11-10 16:00,1.02,Bình thường,0,-1.48,2.5,3.5,4.5,6.03,2013,108.8519897,15.03997517,,,,,,,,,,
River,71541,Vệ,Vệ,Quảng Ngãi,2025-11-10 17:00,1.03,Bình thường,0,-1.47,2.5,3.5,4.5,6.03,2013,108.8519897,15.03997517,,,,,,,,,,
River,71541,Vệ,Vệ,Quảng Ngãi,2025-11-10 18:00,1.06,Bình thường,0,-1.44,2.5,3.5,4.5,6.03,2013,108.8519897,15.03997517,,,,,,,,,,
River,71541,Vệ,Vệ,Quảng Ngãi,2025-11-10 19:00,1.08,Bình thường,0,-1.42,2.5,3.5,4.5,6.03,2013,108.8519897,15.03997517,,,,,,,,,,
River,71541,Vệ,Vệ,Quảng Ngãi,2025-11-10 20:00,1.14,Bình thường,0,-1.36,2.5,3.5,4.5,6.03,2013,108.8519897,15.03997517,,,,,,,,,,
River,71541,Vệ,Vệ,Quảng Ngãi,2025-11-10 21:00,1.21,Bình thường,0,-1.29,2.5,3.5,4.5,6.03,2013,108.8519897,15.03997517,,,,,,,,,,
River,71541,Vệ,Vệ,Quảng Ngãi,2025-11-10 22:00,1.29,Bình thường,0,-1.21,2.5,3.5,4.5,6.03,2013,108.8519897,15.03997517,,,,,,,,,,
River,71541,Vệ,Vệ,Quảng Ngãi,2025-11-10 23:00,1.33,Bình thường,0,-1.17,2.5,3.5,4.5,6.03,2013,108.8519897,15.03997517,,,,,,,,,,
River,71541,Vệ,Vệ,Quảng Ngãi,2025-11-11 0:00,1.42,Bình thường,0,-1.08,2.5,3.5,4.5,6.03,2013,108.8519897,15.03997517,,,,,,,,,,
River,71541,Vệ,Vệ,Quảng Ngãi,2025-11-11 1:00,1.38,Bình thường,0,-1.12,2.5,3.5,4.5,6.03,2013,108.8519897,15.03997517,,,,,,,,,,
River,71541,Vệ,Vệ,Quảng Ngãi,2025-11-11 2:00,1.35,Bình thường,0,-1.15,2.5,3.5,4.5,6.03,2013,108.8519897,15.03997517,,,,,,,,,,
River,71541,Vệ,Vệ,Quảng Ngãi,2025-11-11 3:00,1.27,Bình thường,0,-1.23,2.5,3.5,4.5,6.03,2013,108.8519897,15.03997517,,,,,,,,,,
River,71541,Vệ,Vệ,Quảng Ngãi,2025-11-11 4:00,1.16,Bình thường,0,-1.34,2.5,3.5,4.5,6.03,2013,108.8519897,15.03997517,,,,,,,,,,
River,71541,Vệ,Vệ,Quảng Ngãi,2025-11-11 5:00,1.05,Bình thường,0,-1.45,2.5,3.5,4.5,6.03,2013,108.8519897,15.03997517,,,,,,,,,,
River,71541,Vệ,Vệ,Quảng Ngãi,2025-11-11 6:00,0.96,Bình thường,0,-1.54,2.5,3.5,4.5,6.03,2013,108.8519897,15.03997517,,,,,,,,,,
River,71541,Vệ,Vệ,Quảng Ngãi,2025-11-11 7:00,0.9,Bình thường,0,-1.6,2.5,3.5,4.5,6.03,2013,108.8519897,15.03997517,,,,,,,,,,
River,71541,Vệ,Vệ,Quảng Ngãi,2025-11-11 8:00,0.86,Bình thường,0,-1.64,2.5,3.5,4.5,6.03,2013,108.8519897,15.03997517,,,,,,,,,,
River,71541,Vệ,Vệ,Quảng Ngãi,2025-11-11 9:00,0.84,Bình thường,0,-1.66,2.5,3.5,4.5,6.03,2013,108.8519897,15.03997517,,,,,,,,,,
River,71541,Vệ,Vệ,Quảng Ngãi,2025-11-11 10:00,0.83,Bình thường,0,-1.67,2.5,3.5,4.5,6.03,2013,108.8519897,15.03997517,,,,,,,,,,
River,71541,Vệ,Vệ,Quảng Ngãi,2025-11-11 11:00,0.83,Bình thường,0,-1.67,2.5,3.5,4.5,6.03,2013,108.8519897,15.03997517,,,,,,,,,,
River,71541,Vệ,Vệ,Quảng Ngãi,2025-11-11 12:00,0.83,Bình thường,0,-1.67,2.5,3.5,4.5,6.03,2013,108.8519897,15.03997517,,,,,,,,,,
River,71541,Vệ,Vệ,Quảng Ngãi,2025-11-11 13:00,0.84,Bình thường,0,-1.66,2.5,3.5,4.5,6.03,2013,108.8519897,15.03997517,,,,,,,,,,
River,71541,Vệ,Vệ,Quảng Ngãi,2025-11-11 14:00,0.85,Bình thường,0,-1.65,2.5,3.5,4.5,6.03,2013,108.8519897,15.03997517,,,,,,,,,,
River,71541,Vệ,Vệ,Quảng Ngãi,2025-11-11 15:00,0.9,Bình thường,0,-1.6,2.5,3.5,4.5,6.03,2013,108.8519897,15.03997517,,,,,,,,,,
River,71541,Vệ,Vệ,Quảng Ngãi,2025-11-11 16:00,0.93,Bình thường,0,-1.57,2.5,3.5,4.5,6.03,2013,108.8519897,15.03997517,,,,,,,,,,
River,71541,Vệ,Vệ,Quảng Ngãi,2025-11-11 17:00,0.97,Bình thường,0,-1.53,2.5,3.5,4.5,6.03,2013,108.8519897,15.03997517,,,,,,,,,,
River,71541,Vệ,Vệ,Quảng Ngãi,2025-11-11 18:00,1.02,Bình thường,0,-1.48,2.5,3.5,4.5,6.03,2013,108.8519897,15.03997517,,,,,,,,,,
River,71541,Vệ,Vệ,Quảng Ngãi,2025-11-11 19:00,1.08,Bình thường,0,-1.42,2.5,3.5,4.5,6.03,2013,108.8519897,15.03997517,,,,,,,,,,
River,71541,Vệ,Vệ,Quảng Ngãi,2025-11-11 20:00,1.14,Bình thường,0,-1.36,2.5,3.5,4.5,6.03,2013,108.8519897,15.03997517,,,,,,,,,,
River,71541,Vệ,Vệ,Quảng Ngãi,2025-11-11 21:00,1.2,Bình thường,0,-1.3,2.5,3.5,4.5,6.03,2013,108.8519897,15.03997517,,,,,,,,,,
River,71541,Vệ,Vệ,Quảng Ngãi,2025-11-11 22:00,1.25,Bình thường,0,-1.25,2.5,3.5,4.5,6.03,2013,108.8519897,15.03997517,,,,,,,,,,
River,71541,Vệ,Vệ,Quảng Ngãi,2025-11-11 23:00,1.34,Bình thường,0,-1.16,2.5,3.5,4.5,6.03,2013,108.8519897,15.03997517,,,,,,,,,,
River,71541,Vệ,Vệ,Quảng Ngãi,2025-11-12 0:00,1.34,Bình thường,0,-1.16,2.5,3.5,4.5,6.03,2013,108.8519897,15.03997517,,,,,,,,,,
River,71541,Vệ,Vệ,Quảng Ngãi,2025-11-12 1:00,1.4,Bình thường,0,-1.1,2.5,3.5,4.5,6.03,2013,108.8519897,15.03997517,,,,,,,,,,
River,71541,Vệ,Vệ,Quảng Ngãi,2025-11-12 2:00,1.37,Bình thường,0,-1.13,2.5,3.5,4.5,6.03,2013,108.8519897,15.03997517,,,,,,,,,,
River,71541,Vệ,Vệ,Quảng Ngãi,2025-11-12 3:00,1.31,Bình thường,0,-1.19,2.5,3.5,4.5,6.03,2013,108.8519897,15.03997517,,,,,,,,,,
River,71541,Vệ,Vệ,Quảng Ngãi,2025-11-12 4:00,1.21,Bình thường,0,-1.29,2.5,3.5,4.5,6.03,2013,108.8519897,15.03997517,,,,,,,,,,
River,71541,Vệ,Vệ,Quảng Ngãi,2025-11-12 5:00,1.1,Bình thường,0,-1.4,2.5,3.5,4.5,6.03,2013,108.8519897,15.03997517,,,,,,,,,,
River,71541,Vệ,Vệ,Quảng Ngãi,2025-11-12 6:00,0.98,Bình thường,0,-1.52,2.5,3.5,4.5,6.03,2013,108.8519897,15.03997517,,,,,,,,,,
River,71541,Vệ,Vệ,Quảng Ngãi,2025-11-12 7:00,0.88,Bình thường,0,-1.62,2.5,3.5,4.5,6.03,2013,108.8519897,15.03997517,,,,,,,,,,
River,71541,Vệ,Vệ,Quảng Ngãi,2025-11-12 8:00,0.81,Bình thường,0,-1.69,2.5,3.5,4.5,6.03,2013,108.8519897,15.03997517,,,,,,,,,,
River,71541,Vệ,Vệ,Quảng Ngãi,2025-11-12 9:00,0.77,Bình thường,0,-1.73,2.5,3.5,4.5,6.03,2013,108.8519897,15.03997517,,,,,,,,,,
River,71541,Vệ,Vệ,Quảng Ngãi,2025-11-12 10:00,0.75,Bình thường,0,-1.75,2.5,3.5,4.5,6.03,2013,108.8519897,15.03997517,,,,,,,,,,
River,71541,Vệ,Vệ,Quảng Ngãi,2025-11-12 11:00,0.73,Bình thường,0,-1.77,2.5,3.5,4.5,6.03,2013,108.8519897,15.03997517,,,,,,,,,,
River,71541,Vệ,Vệ,Quảng Ngãi,2025-11-12 12:00,0.73,Bình thường,0,-1.77,2.5,3.5,4.5,6.03,2013,108.8519897,15.03997517,,,,,,,,,,
River,71541,Vệ,Vệ,Quảng Ngãi,2025-11-12 13:00,0.73,Bình thường,0,-1.77,2.5,3.5,4.5,6.03,2013,108.8519897,15.03997517,,,,,,,,,,
River,71541,Vệ,Vệ,Quảng Ngãi,2025-11-12 14:00,0.75,Bình thường,0,-1.75,2.5,3.5,4.5,6.03,2013,108.8519897,15.03997517,,,,,,,,,,
River,71541,Vệ,Vệ,Quảng Ngãi,2025-11-12 15:00,0.79,Bình thường,0,-1.71,2.5,3.5,4.5,6.03,2013,108.8519897,15.03997517,,,,,,,,,,
River,71541,Vệ,Vệ,Quảng Ngãi,2025-11-12 16:00,0.85,Bình thường,0,-1.65,2.5,3.5,4.5,6.03,2013,108.8519897,15.03997517,,,,,,,,,,
River,71541,Vệ,Vệ,Quảng Ngãi,2025-11-12 17:00,0.9,Bình thường,0,-1.6,2.5,3.5,4.5,6.03,2013,108.8519897,15.03997517,,,,,,,,,,
River,71541,Vệ,Vệ,Quảng Ngãi,2025-11-12 18:00,0.94,Bình thường,0,-1.56,2.5,3.5,4.5,6.03,2013,108.8519897,15.03997517,,,,,,,,,,
River,71541,Vệ,Vệ,Quảng Ngãi,2025-11-12 19:00,0.98,Bình thường,0,-1.52,2.5,3.5,4.5,6.03,2013,108.8519897,15.03997517,,,,,,,,,,
River,71541,Vệ,Vệ,Quảng Ngãi,2025-11-12 20:00,1.04,Bình thường,0,-1.46,2.5,3.5,4.5,6.03,2013,108.8519897,15.03997517,,,,,,,,,,
River,71541,Vệ,Vệ,Quảng Ngãi,2025-11-12 21:00,1.04,Bình thường,0,-1.46,2.5,3.5,4.5,6.03,2013,108.8519897,15.03997517,,,,,,,,,,
River,71541,Vệ,Vệ,Quảng Ngãi,2025-11-12 22:00,1.09,Bình thường,0,-1.41,2.5,3.5,4.5,6.03,2013,108.8519897,15.03997517,,,,,,,,,,
River,71541,Vệ,Vệ,Quảng Ngãi,2025-11-12 23:00,1.11,Bình thường,0,-1.39,2.5,3.5,4.5,6.03,2013,108.8519897,15.03997517,,,,,,,,,,
River,71541,Vệ,Vệ,Quảng Ngãi,2025-11-13 1:00,1.17,Bình thường,0,-1.33,2.5,3.5,4.5,6.03,2013,108.8519897,15.03997517,,,,,,,,,,
River,71541,Vệ,Vệ,Quảng Ngãi,2025-11-13 2:00,1.17,Bình thường,0,-1.33,2.5,3.5,4.5,6.03,2013,108.8519897,15.03997517,,,,,,,,,,
River,71541,Vệ,Vệ,Quảng Ngãi,2025-11-13 3:00,1.16,Bình thường,0,-1.34,2.5,3.5,4.5,6.03,2013,108.8519897,15.03997517,,,,,,,,,,
River,71541,Vệ,Vệ,Quảng Ngãi,2025-11-13 4:00,1.13,Bình thường,0,-1.37,2.5,3.5,4.5,6.03,2013,108.8519897,15.03997517,,,,,,,,,,
River,71541,Vệ,Vệ,Quảng Ngãi,2025-11-13 5:00,1.05,Bình thường,0,-1.45,2.5,3.5,4.5,6.03,2013,108.8519897,15.03997517,,,,,,,,,,
River,71541,Vệ,Vệ,Quảng Ngãi,2025-11-13 6:00,0.97,Bình thường,0,-1.53,2.5,3.5,4.5,6.03,2013,108.8519897,15.03997517,,,,,,,,,,
River,71541,Vệ,Vệ,Quảng Ngãi,2025-11-13 7:00,0.87,Bình thường,0,-1.63,2.5,3.5,4.5,6.03,2013,108.8519897,15.03997517,,,,,,,,,,
River,71541,Vệ,Vệ,Quảng Ngãi,2025-11-13 8:00,0.79,Bình thường,0,-1.71,2.5,3.5,4.5,6.03,2013,108.8519897,15.03997517,,,,,,,,,,
River,71541,Vệ,Vệ,Quảng Ngãi,2025-11-13 9:00,0.73,Bình thường,0,-1.77,2.5,3.5,4.5,6.03,2013,108.8519897,15.03997517,,,,,,,,,,
River,71541,Vệ,Vệ,Quảng Ngãi,2025-11-13 10:00,0.69,Bình thường,0,-1.81,2.5,3.5,4.5,6.03,2013,108.8519897,15.03997517,,,,,,,,,,
River,71541,Vệ,Vệ,Quảng Ngãi,2025-11-13 12:00,0.66,Bình thường,0,-1.84,2.5,3.5,4.5,6.03,2013,108.8519897,15.03997517,,,,,,,,,,
River,71541,Vệ,Vệ,Quảng Ngãi,2025-11-13 13:00,0.66,Bình thường,0,-1.84,2.5,3.5,4.5,6.03,2013,108.8519897,15.03997517,,,,,,,,,,
River,71541,Vệ,Vệ,Quảng Ngãi,2025-11-13 14:00,0.67,Bình thường,0,-1.83,2.5,3.5,4.5,6.03,2013,108.8519897,15.03997517,,,,,,,,,,
River,71541,Vệ,Vệ,Quảng Ngãi,2025-11-13 15:00,0.7,Bình thường,0,-1.8,2.5,3.5,4.5,6.03,2013,108.8519897,15.03997517,,,,,,,,,,
River,71541,Vệ,Vệ,Quảng Ngãi,2025-11-13 16:00,0.74,Bình thường,0,-1.76,2.5,3.5,4.5,6.03,2013,108.8519897,15.03997517,,,,,,,,,,
River,71541,Vệ,Vệ,Quảng Ngãi,2025-11-13 17:00,0.79,Bình thường,0,-1.71,2.5,3.5,4.5,6.03,2013,108.8519897,15.03997517,,,,,,,,,,
River,71541,Vệ,Vệ,Quảng Ngãi,2025-11-13 18:00,0.85,Bình thường,0,-1.65,2.5,3.5,4.5,6.03,2013,108.8519897,15.03997517,,,,,,,,,,
River,71541,Vệ,Vệ,Quảng Ngãi,2025-11-13 19:00,0.89,Bình thường,0,-1.61,2.5,3.5,4.5,6.03,2013,108.8519897,15.03997517,,,,,,,,,,
River,71541,Vệ,Vệ,Quảng Ngãi,2025-11-13 20:00,0.93,Bình thường,0,-1.57,2.5,3.5,4.5,6.03,2013,108.8519897,15.03997517,,,,,,,,,,
River,71541,Vệ,Vệ,Quảng Ngãi,2025-11-13 21:00,0.94,Bình thường,0,-1.56,2.5,3.5,4.5,6.03,2013,108.8519897,15.03997517,,,,,,,,,,
River,71541,Vệ,Vệ,Quảng Ngãi,2025-11-13 22:00,0.95,Bình thường,0,-1.55,2.5,3.5,4.5,6.03,2013,108.8519897,15.03997517,,,,,,,,,,
River,71541,Vệ,Vệ,Quảng Ngãi,2025-11-14 0:00,0.95,Bình thường,0,-1.55,2.5,3.5,4.5,6.03,2013,108.8519897,15.03997517,,,,,,,,,,
River,71541,Vệ,Vệ,Quảng Ngãi,2025-11-14 1:00,0.96,Bình thường,0,-1.54,2.5,3.5,4.5,6.03,2013,108.8519897,15.03997517,,,,,,,,,,
River,71541,Vệ,Vệ,Quảng Ngãi,2025-11-14 2:00,0.97,Bình thường,0,-1.53,2.5,3.5,4.5,6.03,2013,108.8519897,15.03997517,,,,,,,,,,
River,71541,Vệ,Vệ,Quảng Ngãi,2025-11-14 3:00,0.98,Bình thường,0,-1.52,2.5,3.5,4.5,6.03,2013,108.8519897,15.03997517,,,,,,,,,,
River,71541,Vệ,Vệ,Quảng Ngãi,2025-11-14 4:00,1,Bình thường,0,-1.5,2.5,3.5,4.5,6.03,2013,108.8519897,15.03997517,,,,,,,,,,
River,71541,Vệ,Vệ,Quảng Ngãi,2025-11-14 5:00,0.98,Bình thường,0,-1.52,2.5,3.5,4.5,6.03,2013,108.8519897,15.03997517,,,,,,,,,,
River,71541,Vệ,Vệ,Quảng Ngãi,2025-11-14 6:00,0.94,Bình thường,0,-1.56,2.5,3.5,4.5,6.03,2013,108.8519897,15.03997517,,,,,,,,,,
River,71541,Vệ,Vệ,Quảng Ngãi,2025-11-14 7:00,0.89,Bình thường,0,-1.61,2.5,3.5,4.5,6.03,2013,108.8519897,15.03997517,,,,,,,,,,
River,71541,Vệ,Vệ,Quảng Ngãi,2025-11-14 8:00,0.81,Bình thường,0,-1.69,2.5,3.5,4.5,6.03,2013,108.8519897,15.03997517,,,,,,,,,,
River,71541,Vệ,Vệ,Quảng Ngãi,2025-11-14 9:00,0.74,Bình thường,0,-1.76,2.5,3.5,4.5,6.03,2013,108.8519897,15.03997517,,,,,,,,,,
River,71541,Vệ,Vệ,Quảng Ngãi,2025-11-14 10:00,0.68,Bình thường,0,-1.82,2.5,3.5,4.5,6.03,2013,108.8519897,15.03997517,,,,,,,,,,
River,71541,Vệ,Vệ,Quảng Ngãi,2025-11-14 11:00,0.64,Bình thường,0,-1.86,2.5,3.5,4.5,6.03,2013,108.8519897,15.03997517,,,,,,,,,,
River,71541,Vệ,Vệ,Quảng Ngãi,2025-11-14 12:00,0.62,Bình thường,0,-1.88,2.5,3.5,4.5,6.03,2013,108.8519897,15.03997517,,,,,,,,,,
River,71541,Vệ,Vệ,Quảng Ngãi,2025-11-14 13:00,0.61,Bình thường,0,-1.89,2.5,3.5,4.5,6.03,2013,108.8519897,15.03997517,,,,,,,,,,
River,71541,Vệ,Vệ,Quảng Ngãi,2025-11-15 0:00,0.84,Bình thường,0,-1.66,2.5,3.5,4.5,6.03,2013,108.8519897,15.03997517,,,,,,,,,,
River,71541,Vệ,Vệ,Quảng Ngãi,2025-11-15 1:00,0.83,Bình thường,0,-1.67,2.5,3.5,4.5,6.03,2013,108.8519897,15.03997517,,,,,,,,,,
River,71541,Vệ,Vệ,Quảng Ngãi,2025-11-15 2:00,0.83,Bình thường,0,-1.67,2.5,3.5,4.5,6.03,2013,108.8519897,15.03997517,,,,,,,,,,
River,71541,Vệ,Vệ,Quảng Ngãi,2025-11-15 3:00,0.83,Bình thường,0,-1.67,2.5,3.5,4.5,6.03,2013,108.8519897,15.03997517,,,,,,,,,,
River,71541,Vệ,Vệ,Quảng Ngãi,2025-11-15 4:00,0.84,Bình thường,0,-1.66,2.5,3.5,4.5,6.03,2013,108.8519897,15.03997517,,,,,,,,,,
River,71541,Vệ,Vệ,Quảng Ngãi,2025-11-15 5:00,0.85,Bình thường,0,-1.65,2.5,3.5,4.5,6.03,2013,108.8519897,15.03997517,,,,,,,,,,
River,71541,Vệ,Vệ,Quảng Ngãi,2025-11-15 6:00,0.85,Bình thường,0,-1.65,2.5,3.5,4.5,6.03,2013,108.8519897,15.03997517,,,,,,,,,,
River,71541,Vệ,Vệ,Quảng Ngãi,2025-11-15 7:00,0.83,Bình thường,0,-1.67,2.5,3.5,4.5,6.03,2013,108.8519897,15.03997517,,,,,,,,,,
River,71541,Vệ,Vệ,Quảng Ngãi,2025-11-15 8:00,0.8,Bình thường,0,-1.7,2.5,3.5,4.5,6.03,2013,108.8519897,15.03997517,,,,,,,,,,
River,71541,Vệ,Vệ,Quảng Ngãi,2025-11-15 9:00,0.75,Bình thường,0,-1.75,2.5,3.5,4.5,6.03,2013,108.8519897,15.03997517,,,,,,,,,,
River,71541,Vệ,Vệ,Quảng Ngãi,2025-11-15 10:00,0.7,Bình thường,0,-1.8,2.5,3.5,4.5,6.03,2013,108.8519897,15.03997517,,,,,,,,,,
River,71541,Vệ,Vệ,Quảng Ngãi,2025-11-15 11:00,0.64,Bình thường,0,-1.86,2.5,3.5,4.5,6.03,2013,108.8519897,15.03997517,,,,,,,,,,
River,71541,Vệ,Vệ,Quảng Ngãi,2025-11-15 12:00,0.62,Bình thường,0,-1.88,2.5,3.5,4.5,6.03,2013,108.8519897,15.03997517,,,,,,,,,,
River,71530,Giao Thủy,Vu Gia - Thu Bồn,TP. Đà Nẵng,2025-11-09 0:00,2.83,Bình thường,0,-3.67,6.5,7.5,8.8,10.06,1964,108.1330032,15.84200001,,,,,,,,,,
River,71530,Giao Thủy,Vu Gia - Thu Bồn,TP. Đà Nẵng,2025-11-09 1:00,2.83,Bình thường,0,-3.67,6.5,7.5,8.8,10.06,1964,108.1330032,15.84200001,,,,,,,,,,
River,71530,Giao Thủy,Vu Gia - Thu Bồn,TP. Đà Nẵng,2025-11-09 2:00,2.83,Bình thường,0,-3.67,6.5,7.5,8.8,10.06,1964,108.1330032,15.84200001,,,,,,,,,,
River,71530,Giao Thủy,Vu Gia - Thu Bồn,TP. Đà Nẵng,2025-11-09 3:00,2.82,Bình thường,0,-3.68,6.5,7.5,8.8,10.06,1964,108.1330032,15.84200001,,,,,,,,,,
River,71530,Giao Thủy,Vu Gia - Thu Bồn,TP. Đà Nẵng,2025-11-09 4:00,2.8,Bình thường,0,-3.7,6.5,7.5,8.8,10.06,1964,108.1330032,15.84200001,,,,,,,,,,
River,71530,Giao Thủy,Vu Gia - Thu Bồn,TP. Đà Nẵng,2025-11-09 5:00,2.76,Bình thường,0,-3.74,6.5,7.5,8.8,10.06,1964,108.1330032,15.84200001,,,,,,,,,,
River,71530,Giao Thủy,Vu Gia - Thu Bồn,TP. Đà Nẵng,2025-11-09 6:00,2.71,Bình thường,0,-3.79,6.5,7.5,8.8,10.06,1964,108.1330032,15.84200001,,,,,,,,,,
River,71530,Giao Thủy,Vu Gia - Thu Bồn,TP. Đà Nẵng,2025-11-09 7:00,2.67,Bình thường,0,-3.83,6.5,7.5,8.8,10.06,1964,108.1330032,15.84200001,,,,,,,,,,
River,71530,Giao Thủy,Vu Gia - Thu Bồn,TP. Đà Nẵng,2025-11-09 8:00,2.61,Bình thường,0,-3.89,6.5,7.5,8.8,10.06,1964,108.1330032,15.84200001,,,,,,,,,,
River,71530,Giao Thủy,Vu Gia - Thu Bồn,TP. Đà Nẵng,2025-11-09 9:00,2.58,Bình thường,0,-3.92,6.5,7.5,8.8,10.06,1964,108.1330032,15.84200001,,,,,,,,,,
River,71530,Giao Thủy,Vu Gia - Thu Bồn,TP. Đà Nẵng,2025-11-09 10:00,2.55,Bình thường,0,-3.95,6.5,7.5,8.8,10.06,1964,108.1330032,15.84200001,,,,,,,,,,
River,71530,Giao Thủy,Vu Gia - Thu Bồn,TP. Đà Nẵng,2025-11-09 11:00,2.52,Bình thường,0,-3.98,6.5,7.5,8.8,10.06,1964,108.1330032,15.84200001,,,,,,,,,,
River,71530,Giao Thủy,Vu Gia - Thu Bồn,TP. Đà Nẵng,2025-11-09 12:00,2.49,Bình thường,0,-4.01,6.5,7.5,8.8,10.06,1964,108.1330032,15.84200001,,,,,,,,,,
River,71530,Giao Thủy,Vu Gia - Thu Bồn,TP. Đà Nẵng,2025-11-09 13:00,2.47,Bình thường,0,-4.03,6.5,7.5,8.8,10.06,1964,108.1330032,15.84200001,,,,,,,,,,
River,71530,Giao Thủy,Vu Gia - Thu Bồn,TP. Đà Nẵng,2025-11-09 14:00,2.44,Bình thường,0,-4.06,6.5,7.5,8.8,10.06,1964,108.1330032,15.84200001,,,,,,,,,,
River,71530,Giao Thủy,Vu Gia - Thu Bồn,TP. Đà Nẵng,2025-11-09 15:00,2.42,Bình thường,0,-4.08,6.5,7.5,8.8,10.06,1964,108.1330032,15.84200001,,,,,,,,,,
River,71530,Giao Thủy,Vu Gia - Thu Bồn,TP. Đà Nẵng,2025-11-09 16:00,2.4,Bình thường,0,-4.1,6.5,7.5,8.8,10.06,1964,108.1330032,15.84200001,,,,,,,,,,
River,71530,Giao Thủy,Vu Gia - Thu Bồn,TP. Đà Nẵng,2025-11-09 17:00,2.37,Bình thường,0,-4.13,6.5,7.5,8.8,10.06,1964,108.1330032,15.84200001,,,,,,,,,,
River,71530,Giao Thủy,Vu Gia - Thu Bồn,TP. Đà Nẵng,2025-11-09 18:00,2.34,Bình thường,0,-4.16,6.5,7.5,8.8,10.06,1964,108.1330032,15.84200001,,,,,,,,,,
River,71530,Giao Thủy,Vu Gia - Thu Bồn,TP. Đà Nẵng,2025-11-09 19:00,2.32,Bình thường,0,-4.18,6.5,7.5,8.8,10.06,1964,108.1330032,15.84200001,,,,,,,,,,
River,71530,Giao Thủy,Vu Gia - Thu Bồn,TP. Đà Nẵng,2025-11-09 20:00,2.31,Bình thường,0,-4.19,6.5,7.5,8.8,10.06,1964,108.1330032,15.84200001,,,,,,,,,,
River,71530,Giao Thủy,Vu Gia - Thu Bồn,TP. Đà Nẵng,2025-11-09 21:00,2.31,Bình thường,0,-4.19,6.5,7.5,8.8,10.06,1964,108.1330032,15.84200001,,,,,,,,,,
River,71530,Giao Thủy,Vu Gia - Thu Bồn,TP. Đà Nẵng,2025-11-09 22:00,2.32,Bình thường,0,-4.18,6.5,7.5,8.8,10.06,1964,108.1330032,15.84200001,,,,,,,,,,
River,71530,Giao Thủy,Vu Gia - Thu Bồn,TP. Đà Nẵng,2025-11-09 23:00,2.34,Bình thường,0,-4.16,6.5,7.5,8.8,10.06,1964,108.1330032,15.84200001,,,,,,,,,,
River,71530,Giao Thủy,Vu Gia - Thu Bồn,TP. Đà Nẵng,2025-11-10 0:00,2.36,Bình thường,0,-4.14,6.5,7.5,8.8,10.06,1964,108.1330032,15.84200001,,,,,,,,,,
River,71530,Giao Thủy,Vu Gia - Thu Bồn,TP. Đà Nẵng,2025-11-10 1:00,2.4,Bình thường,0,-4.1,6.5,7.5,8.8,10.06,1964,108.1330032,15.84200001,,,,,,,,,,
River,71530,Giao Thủy,Vu Gia - Thu Bồn,TP. Đà Nẵng,2025-11-10 2:00,2.41,Bình thường,0,-4.09,6.5,7.5,8.8,10.06,1964,108.1330032,15.84200001,,,,,,,,,,
River,71530,Giao Thủy,Vu Gia - Thu Bồn,TP. Đà Nẵng,2025-11-10 3:00,2.41,Bình thường,0,-4.09,6.5,7.5,8.8,10.06,1964,108.1330032,15.84200001,,,,,,,,,,
River,71530,Giao Thủy,Vu Gia - Thu Bồn,TP. Đà Nẵng,2025-11-10 4:00,2.4,Bình thường,0,-4.1,6.5,7.5,8.8,10.06,1964,108.1330032,15.84200001,,,,,,,,,,
River,71530,Giao Thủy,Vu Gia - Thu Bồn,TP. Đà Nẵng,2025-11-10 5:00,2.39,Bình thường,0,-4.11,6.5,7.5,8.8,10.06,1964,108.1330032,15.84200001,,,,,,,,,,
River,71530,Giao Thủy,Vu Gia - Thu Bồn,TP. Đà Nẵng,2025-11-10 6:00,2.36,Bình thường,0,-4.14,6.5,7.5,8.8,10.06,1964,108.1330032,15.84200001,,,,,,,,,,
River,71530,Giao Thủy,Vu Gia - Thu Bồn,TP. Đà Nẵng,2025-11-10 7:00,2.33,Bình thường,0,-4.17,6.5,7.5,8.8,10.06,1964,108.1330032,15.84200001,,,,,,,,,,
River,71530,Giao Thủy,Vu Gia - Thu Bồn,TP. Đà Nẵng,2025-11-10 8:00,2.3,Bình thường,0,-4.2,6.5,7.5,8.8,10.06,1964,108.1330032,15.84200001,,,,,,,,,,
River,71530,Giao Thủy,Vu Gia - Thu Bồn,TP. Đà Nẵng,2025-11-10 9:00,2.26,Bình thường,0,-4.24,6.5,7.5,8.8,10.06,1964,108.1330032,15.84200001,,,,,,,,,,
River,71530,Giao Thủy,Vu Gia - Thu Bồn,TP. Đà Nẵng,2025-11-10 10:00,2.23,Bình thường,0,-4.27,6.5,7.5,8.8,10.06,1964,108.1330032,15.84200001,,,,,,,,,,
River,71530,Giao Thủy,Vu Gia - Thu Bồn,TP. Đà Nẵng,2025-11-10 11:00,2.19,Bình thường,0,-4.31,6.5,7.5,8.8,10.06,1964,108.1330032,15.84200001,,,,,,,,,,
River,71530,Giao Thủy,Vu Gia - Thu Bồn,TP. Đà Nẵng,2025-11-10 12:00,2.16,Bình thường,0,-4.34,6.5,7.5,8.8,10.06,1964,108.1330032,15.84200001,,,,,,,,,,
River,71530,Giao Thủy,Vu Gia - Thu Bồn,TP. Đà Nẵng,2025-11-10 13:00,2.14,Bình thường,0,-4.36,6.5,7.5,8.8,10.06,1964,108.1330032,15.84200001,,,,,,,,,,
River,71530,Giao Thủy,Vu Gia - Thu Bồn,TP. Đà Nẵng,2025-11-10 14:00,2.13,Bình thường,0,-4.37,6.5,7.5,8.8,10.06,1964,108.1330032,15.84200001,,,,,,,,,,
River,71530,Giao Thủy,Vu Gia - Thu Bồn,TP. Đà Nẵng,2025-11-10 15:00,2.14,Bình thường,0,-4.36,6.5,7.5,8.8,10.06,1964,108.1330032,15.84200001,,,,,,,,,,
River,71530,Giao Thủy,Vu Gia - Thu Bồn,TP. Đà Nẵng,2025-11-10 16:00,2.14,Bình thường,0,-4.36,6.5,7.5,8.8,10.06,1964,108.1330032,15.84200001,,,,,,,,,,
River,71530,Giao Thủy,Vu Gia - Thu Bồn,TP. Đà Nẵng,2025-11-10 17:00,2.15,Bình thường,0,-4.35,6.5,7.5,8.8,10.06,1964,108.1330032,15.84200001,,,,,,,,,,
River,71530,Giao Thủy,Vu Gia - Thu Bồn,TP. Đà Nẵng,2025-11-10 18:00,2.17,Bình thường,0,-4.33,6.5,7.5,8.8,10.06,1964,108.1330032,15.84200001,,,,,,,,,,
River,71530,Giao Thủy,Vu Gia - Thu Bồn,TP. Đà Nẵng,2025-11-10 19:00,2.18,Bình thường,0,-4.32,6.5,7.5,8.8,10.06,1964,108.1330032,15.84200001,,,,,,,,,,
River,71530,Giao Thủy,Vu Gia - Thu Bồn,TP. Đà Nẵng,2025-11-10 20:00,2.18,Bình thường,0,-4.32,6.5,7.5,8.8,10.06,1964,108.1330032,15.84200001,,,,,,,,,,
River,71530,Giao Thủy,Vu Gia - Thu Bồn,TP. Đà Nẵng,2025-11-10 21:00,2.19,Bình thường,0,-4.31,6.5,7.5,8.8,10.06,1964,108.1330032,15.84200001,,,,,,,,,,
River,71530,Giao Thủy,Vu Gia - Thu Bồn,TP. Đà Nẵng,2025-11-10 22:00,2.2,Bình thường,0,-4.3,6.5,7.5,8.8,10.06,1964,108.1330032,15.84200001,,,,,,,,,,
River,71530,Giao Thủy,Vu Gia - Thu Bồn,TP. Đà Nẵng,2025-11-10 23:00,2.22,Bình thường,0,-4.28,6.5,7.5,8.8,10.06,1964,108.1330032,15.84200001,,,,,,,,,,
River,71530,Giao Thủy,Vu Gia - Thu Bồn,TP. Đà Nẵng,2025-11-11 0:00,2.23,Bình thường,0,-4.27,6.5,7.5,8.8,10.06,1964,108.1330032,15.84200001,,,,,,,,,,
River,71530,Giao Thủy,Vu Gia - Thu Bồn,TP. Đà Nẵng,2025-11-11 1:00,2.26,Bình thường,0,-4.24,6.5,7.5,8.8,10.06,1964,108.1330032,15.84200001,,,,,,,,,,
River,71530,Giao Thủy,Vu Gia - Thu Bồn,TP. Đà Nẵng,2025-11-11 2:00,2.27,Bình thường,0,-4.23,6.5,7.5,8.8,10.06,1964,108.1330032,15.84200001,,,,,,,,,,
River,71530,Giao Thủy,Vu Gia - Thu Bồn,TP. Đà Nẵng,2025-11-11 3:00,2.27,Bình thường,0,-4.23,6.5,7.5,8.8,10.06,1964,108.1330032,15.84200001,,,,,,,,,,
River,71530,Giao Thủy,Vu Gia - Thu Bồn,TP. Đà Nẵng,2025-11-11 4:00,2.26,Bình thường,0,-4.24,6.5,7.5,8.8,10.06,1964,108.1330032,15.84200001,,,,,,,,,,
River,71530,Giao Thủy,Vu Gia - Thu Bồn,TP. Đà Nẵng,2025-11-11 5:00,2.22,Bình thường,0,-4.28,6.5,7.5,8.8,10.06,1964,108.1330032,15.84200001,,,,,,,,,,
River,71530,Giao Thủy,Vu Gia - Thu Bồn,TP. Đà Nẵng,2025-11-11 6:00,2.2,Bình thường,0,-4.3,6.5,7.5,8.8,10.06,1964,108.1330032,15.84200001,,,,,,,,,,
River,71530,Giao Thủy,Vu Gia - Thu Bồn,TP. Đà Nẵng,2025-11-11 7:00,2.15,Bình thường,0,-4.35,6.5,7.5,8.8,10.06,1964,108.1330032,15.84200001,,,,,,,,,,
River,71530,Giao Thủy,Vu Gia - Thu Bồn,TP. Đà Nẵng,2025-11-11 8:00,2.12,Bình thường,0,-4.38,6.5,7.5,8.8,10.06,1964,108.1330032,15.84200001,,,,,,,,,,
River,71530,Giao Thủy,Vu Gia - Thu Bồn,TP. Đà Nẵng,2025-11-11 9:00,2.08,Bình thường,0,-4.42,6.5,7.5,8.8,10.06,1964,108.1330032,15.84200001,,,,,,,,,,
River,71530,Giao Thủy,Vu Gia - Thu Bồn,TP. Đà Nẵng,2025-11-11 10:00,2.05,Bình thường,0,-4.45,6.5,7.5,8.8,10.06,1964,108.1330032,15.84200001,,,,,,,,,,
River,71530,Giao Thủy,Vu Gia - Thu Bồn,TP. Đà Nẵng,2025-11-11 11:00,2.04,Bình thường,0,-4.46,6.5,7.5,8.8,10.06,1964,108.1330032,15.84200001,,,,,,,,,,
River,71530,Giao Thủy,Vu Gia - Thu Bồn,TP. Đà Nẵng,2025-11-11 12:00,2.02,Bình thường,0,-4.48,6.5,7.5,8.8,10.06,1964,108.1330032,15.84200001,,,,,,,,,,
River,71530,Giao Thủy,Vu Gia - Thu Bồn,TP. Đà Nẵng,2025-11-11 13:00,2.01,Bình thường,0,-4.49,6.5,7.5,8.8,10.06,1964,108.1330032,15.84200001,,,,,,,,,,
River,71530,Giao Thủy,Vu Gia - Thu Bồn,TP. Đà Nẵng,2025-11-11 14:00,2.01,Bình thường,0,-4.49,6.5,7.5,8.8,10.06,1964,108.1330032,15.84200001,,,,,,,,,,
River,71530,Giao Thủy,Vu Gia - Thu Bồn,TP. Đà Nẵng,2025-11-11 15:00,2.03,Bình thường,0,-4.47,6.5,7.5,8.8,10.06,1964,108.1330032,15.84200001,,,,,,,,,,
River,71530,Giao Thủy,Vu Gia - Thu Bồn,TP. Đà Nẵng,2025-11-11 16:00,2.04,Bình thường,0,-4.46,6.5,7.5,8.8,10.06,1964,108.1330032,15.84200001,,,,,,,,,,
River,71530,Giao Thủy,Vu Gia - Thu Bồn,TP. Đà Nẵng,2025-11-11 17:00,2.05,Bình thường,0,-4.45,6.5,7.5,8.8,10.06,1964,108.1330032,15.84200001,,,,,,,,,,
River,71530,Giao Thủy,Vu Gia - Thu Bồn,TP. Đà Nẵng,2025-11-11 18:00,2.05,Bình thường,0,-4.45,6.5,7.5,8.8,10.06,1964,108.1330032,15.84200001,,,,,,,,,,
River,71530,Giao Thủy,Vu Gia - Thu Bồn,TP. Đà Nẵng,2025-11-11 19:00,2.06,Bình thường,0,-4.44,6.5,7.5,8.8,10.06,1964,108.1330032,15.84200001,,,,,,,,,,
River,71530,Giao Thủy,Vu Gia - Thu Bồn,TP. Đà Nẵng,2025-11-11 20:00,2.07,Bình thường,0,-4.43,6.5,7.5,8.8,10.06,1964,108.1330032,15.84200001,,,,,,,,,,
River,71530,Giao Thủy,Vu Gia - Thu Bồn,TP. Đà Nẵng,2025-11-11 21:00,2.08,Bình thường,0,-4.42,6.5,7.5,8.8,10.06,1964,108.1330032,15.84200001,,,,,,,,,,
River,71530,Giao Thủy,Vu Gia - Thu Bồn,TP. Đà Nẵng,2025-11-11 22:00,2.08,Bình thường,0,-4.42,6.5,7.5,8.8,10.06,1964,108.1330032,15.84200001,,,,,,,,,,
River,71530,Giao Thủy,Vu Gia - Thu Bồn,TP. Đà Nẵng,2025-11-11 23:00,2.09,Bình thường,0,-4.41,6.5,7.5,8.8,10.06,1964,108.1330032,15.84200001,,,,,,,,,,
River,71530,Giao Thủy,Vu Gia - Thu Bồn,TP. Đà Nẵng,2025-11-12 0:00,2.1,Bình thường,0,-4.4,6.5,7.5,8.8,10.06,1964,108.1330032,15.84200001,,,,,,,,,,
River,71530,Giao Thủy,Vu Gia - Thu Bồn,TP. Đà Nẵng,2025-11-12 1:00,2.11,Bình thường,0,-4.39,6.5,7.5,8.8,10.06,1964,108.1330032,15.84200001,,,,,,,,,,
River,71530,Giao Thủy,Vu Gia - Thu Bồn,TP. Đà Nẵng,2025-11-12 2:00,2.12,Bình thường,0,-4.38,6.5,7.5,8.8,10.06,1964,108.1330032,15.84200001,,,,,,,,,,
River,71530,Giao Thủy,Vu Gia - Thu Bồn,TP. Đà Nẵng,2025-11-12 3:00,2.13,Bình thường,0,-4.37,6.5,7.5,8.8,10.06,1964,108.1330032,15.84200001,,,,,,,,,,
River,71530,Giao Thủy,Vu Gia - Thu Bồn,TP. Đà Nẵng,2025-11-12 4:00,2.12,Bình thường,0,-4.38,6.5,7.5,8.8,10.06,1964,108.1330032,15.84200001,,,,,,,,,,
River,71530,Giao Thủy,Vu Gia - Thu Bồn,TP. Đà Nẵng,2025-11-12 5:00,2.11,Bình thường,0,-4.39,6.5,7.5,8.8,10.06,1964,108.1330032,15.84200001,,,,,,,,,,
River,71530,Giao Thủy,Vu Gia - Thu Bồn,TP. Đà Nẵng,2025-11-12 6:00,2.09,Bình thường,0,-4.41,6.5,7.5,8.8,10.06,1964,108.1330032,15.84200001,,,,,,,,,,
River,71530,Giao Thủy,Vu Gia - Thu Bồn,TP. Đà Nẵng,2025-11-12 7:00,2.07,Bình thường,0,-4.43,6.5,7.5,8.8,10.06,1964,108.1330032,15.84200001,,,,,,,,,,
River,71530,Giao Thủy,Vu Gia - Thu Bồn,TP. Đà Nẵng,2025-11-12 8:00,2.03,Bình thường,0,-4.47,6.5,7.5,8.8,10.06,1964,108.1330032,15.84200001,,,,,,,,,,
River,71530,Giao Thủy,Vu Gia - Thu Bồn,TP. Đà Nẵng,2025-11-12 9:00,2.01,Bình thường,0,-4.49,6.5,7.5,8.8,10.06,1964,108.1330032,15.84200001,,,,,,,,,,
River,71530,Giao Thủy,Vu Gia - Thu Bồn,TP. Đà Nẵng,2025-11-12 10:00,1.98,Bình thường,0,-4.52,6.5,7.5,8.8,10.06,1964,108.1330032,15.84200001,,,,,,,,,,
River,71530,Giao Thủy,Vu Gia - Thu Bồn,TP. Đà Nẵng,2025-11-12 11:00,1.97,Bình thường,0,-4.53,6.5,7.5,8.8,10.06,1964,108.1330032,15.84200001,,,,,,,,,,
River,71530,Giao Thủy,Vu Gia - Thu Bồn,TP. Đà Nẵng,2025-11-12 12:00,1.95,Bình thường,0,-4.55,6.5,7.5,8.8,10.06,1964,108.1330032,15.84200001,,,,,,,,,,
River,71530,Giao Thủy,Vu Gia - Thu Bồn,TP. Đà Nẵng,2025-11-12 13:00,1.94,Bình thường,0,-4.56,6.5,7.5,8.8,10.06,1964,108.1330032,15.84200001,,,,,,,,,,
River,71530,Giao Thủy,Vu Gia - Thu Bồn,TP. Đà Nẵng,2025-11-12 14:00,1.94,Bình thường,0,-4.56,6.5,7.5,8.8,10.06,1964,108.1330032,15.84200001,,,,,,,,,,
River,71530,Giao Thủy,Vu Gia - Thu Bồn,TP. Đà Nẵng,2025-11-12 15:00,1.93,Bình thường,0,-4.57,6.5,7.5,8.8,10.06,1964,108.1330032,15.84200001,,,,,,,,,,
River,71530,Giao Thủy,Vu Gia - Thu Bồn,TP. Đà Nẵng,2025-11-12 16:00,1.94,Bình thường,0,-4.56,6.5,7.5,8.8,10.06,1964,108.1330032,15.84200001,,,,,,,,,,
River,71530,Giao Thủy,Vu Gia - Thu Bồn,TP. Đà Nẵng,2025-11-12 17:00,1.96,Bình thường,0,-4.54,6.5,7.5,8.8,10.06,1964,108.1330032,15.84200001,,,,,,,,,,
River,71530,Giao Thủy,Vu Gia - Thu Bồn,TP. Đà Nẵng,2025-11-12 18:00,1.97,Bình thường,0,-4.53,6.5,7.5,8.8,10.06,1964,108.1330032,15.84200001,,,,,,,,,,
River,71530,Giao Thủy,Vu Gia - Thu Bồn,TP. Đà Nẵng,2025-11-12 19:00,1.98,Bình thường,0,-4.52,6.5,7.5,8.8,10.06,1964,108.1330032,15.84200001,,,,,,,,,,
River,71530,Giao Thủy,Vu Gia - Thu Bồn,TP. Đà Nẵng,2025-11-12 20:00,1.99,Bình thường,0,-4.51,6.5,7.5,8.8,10.06,1964,108.1330032,15.84200001,,,,,,,,,,
River,71530,Giao Thủy,Vu Gia - Thu Bồn,TP. Đà Nẵng,2025-11-12 21:00,1.99,Bình thường,0,-4.51,6.5,7.5,8.8,10.06,1964,108.1330032,15.84200001,,,,,,,,,,
River,71530,Giao Thủy,Vu Gia - Thu Bồn,TP. Đà Nẵng,2025-11-12 22:00,1.99,Bình thường,0,-4.51,6.5,7.5,8.8,10.06,1964,108.1330032,15.84200001,,,,,,,,,,
River,71530,Giao Thủy,Vu Gia - Thu Bồn,TP. Đà Nẵng,2025-11-12 23:00,1.99,Bình thường,0,-4.51,6.5,7.5,8.8,10.06,1964,108.1330032,15.84200001,,,,,,,,,,
River,71530,Giao Thủy,Vu Gia - Thu Bồn,TP. Đà Nẵng,2025-11-13 0:00,1.99,Bình thường,0,-4.51,6.5,7.5,8.8,10.06,1964,108.1330032,15.84200001,,,,,,,,,,
River,71530,Giao Thủy,Vu Gia - Thu Bồn,TP. Đà Nẵng,2025-11-13 1:00,1.99,Bình thường,0,-4.51,6.5,7.5,8.8,10.06,1964,108.1330032,15.84200001,,,,,,,,,,
River,71530,Giao Thủy,Vu Gia - Thu Bồn,TP. Đà Nẵng,2025-11-13 2:00,1.99,Bình thường,0,-4.51,6.5,7.5,8.8,10.06,1964,108.1330032,15.84200001,,,,,,,,,,
River,71530,Giao Thủy,Vu Gia - Thu Bồn,TP. Đà Nẵng,2025-11-13 3:00,2.01,Bình thường,0,-4.49,6.5,7.5,8.8,10.06,1964,108.1330032,15.84200001,,,,,,,,,,
River,71530,Giao Thủy,Vu Gia - Thu Bồn,TP. Đà Nẵng,2025-11-13 4:00,1.99,Bình thường,0,-4.51,6.5,7.5,8.8,10.06,1964,108.1330032,15.84200001,,,,,,,,,,
River,71530,Giao Thủy,Vu Gia - Thu Bồn,TP. Đà Nẵng,2025-11-13 5:00,1.99,Bình thường,0,-4.51,6.5,7.5,8.8,10.06,1964,108.1330032,15.84200001,,,,,,,,,,
River,71530,Giao Thủy,Vu Gia - Thu Bồn,TP. Đà Nẵng,2025-11-13 6:00,1.98,Bình thường,0,-4.52,6.5,7.5,8.8,10.06,1964,108.1330032,15.84200001,,,,,,,,,,
River,71530,Giao Thủy,Vu Gia - Thu Bồn,TP. Đà Nẵng,2025-11-13 7:00,1.97,Bình thường,0,-4.53,6.5,7.5,8.8,10.06,1964,108.1330032,15.84200001,,,,,,,,,,
River,71530,Giao Thủy,Vu Gia - Thu Bồn,TP. Đà Nẵng,2025-11-13 8:00,1.95,Bình thường,0,-4.55,6.5,7.5,8.8,10.06,1964,108.1330032,15.84200001,,,,,,,,,,
River,71530,Giao Thủy,Vu Gia - Thu Bồn,TP. Đà Nẵng,2025-11-13 9:00,1.94,Bình thường,0,-4.56,6.5,7.5,8.8,10.06,1964,108.1330032,15.84200001,,,,,,,,,,
River,71530,Giao Thủy,Vu Gia - Thu Bồn,TP. Đà Nẵng,2025-11-13 10:00,1.93,Bình thường,0,-4.57,6.5,7.5,8.8,10.06,1964,108.1330032,15.84200001,,,,,,,,,,
River,71530,Giao Thủy,Vu Gia - Thu Bồn,TP. Đà Nẵng,2025-11-13 11:00,1.92,Bình thường,0,-4.58,6.5,7.5,8.8,10.06,1964,108.1330032,15.84200001,,,,,,,,,,
River,71530,Giao Thủy,Vu Gia - Thu Bồn,TP. Đà Nẵng,2025-11-13 12:00,1.92,Bình thường,0,-4.58,6.5,7.5,8.8,10.06,1964,108.1330032,15.84200001,,,,,,,,,,
River,71530,Giao Thủy,Vu Gia - Thu Bồn,TP. Đà Nẵng,2025-11-13 13:00,1.91,Bình thường,0,-4.59,6.5,7.5,8.8,10.06,1964,108.1330032,15.84200001,,,,,,,,,,
River,71530,Giao Thủy,Vu Gia - Thu Bồn,TP. Đà Nẵng,2025-11-13 14:00,1.91,Bình thường,0,-4.59,6.5,7.5,8.8,10.06,1964,108.1330032,15.84200001,,,,,,,,,,
River,71530,Giao Thủy,Vu Gia - Thu Bồn,TP. Đà Nẵng,2025-11-13 15:00,1.91,Bình thường,0,-4.59,6.5,7.5,8.8,10.06,1964,108.1330032,15.84200001,,,,,,,,,,
River,71530,Giao Thủy,Vu Gia - Thu Bồn,TP. Đà Nẵng,2025-11-13 16:00,1.89,Bình thường,0,-4.61,6.5,7.5,8.8,10.06,1964,108.1330032,15.84200001,,,,,,,,,,
River,71530,Giao Thủy,Vu Gia - Thu Bồn,TP. Đà Nẵng,2025-11-13 17:00,1.91,Bình thường,0,-4.59,6.5,7.5,8.8,10.06,1964,108.1330032,15.84200001,,,,,,,,,,
River,71530,Giao Thủy,Vu Gia - Thu Bồn,TP. Đà Nẵng,2025-11-13 18:00,1.91,Bình thường,0,-4.59,6.5,7.5,8.8,10.06,1964,108.1330032,15.84200001,,,,,,,,,,
River,71530,Giao Thủy,Vu Gia - Thu Bồn,TP. Đà Nẵng,2025-11-13 19:00,1.92,Bình thường,0,-4.58,6.5,7.5,8.8,10.06,1964,108.1330032,15.84200001,,,,,,,,,,
River,71530,Giao Thủy,Vu Gia - Thu Bồn,TP. Đà Nẵng,2025-11-13 20:00,1.92,Bình thường,0,-4.58,6.5,7.5,8.8,10.06,1964,108.1330032,15.84200001,,,,,,,,,,
River,71530,Giao Thủy,Vu Gia - Thu Bồn,TP. Đà Nẵng,2025-11-13 21:00,1.93,Bình thường,0,-4.57,6.5,7.5,8.8,10.06,1964,108.1330032,15.84200001,,,,,,,,,,
River,71530,Giao Thủy,Vu Gia - Thu Bồn,TP. Đà Nẵng,2025-11-13 22:00,1.93,Bình thường,0,-4.57,6.5,7.5,8.8,10.06,1964,108.1330032,15.84200001,,,,,,,,,,
River,71530,Giao Thủy,Vu Gia - Thu Bồn,TP. Đà Nẵng,2025-11-14 0:00,1.93,Bình thường,0,-4.57,6.5,7.5,8.8,10.06,1964,108.1330032,15.84200001,,,,,,,,,,
River,71530,Giao Thủy,Vu Gia - Thu Bồn,TP. Đà Nẵng,2025-11-14 1:00,1.93,Bình thường,0,-4.57,6.5,7.5,8.8,10.06,1964,108.1330032,15.84200001,,,,,,,,,,
River,71530,Giao Thủy,Vu Gia - Thu Bồn,TP. Đà Nẵng,2025-11-14 2:00,1.92,Bình thường,0,-4.58,6.5,7.5,8.8,10.06,1964,108.1330032,15.84200001,,,,,,,,,,
River,71530,Giao Thủy,Vu Gia - Thu Bồn,TP. Đà Nẵng,2025-11-14 3:00,1.91,Bình thường,0,-4.59,6.5,7.5,8.8,10.06,1964,108.1330032,15.84200001,,,,,,,,,,
River,71530,Giao Thủy,Vu Gia - Thu Bồn,TP. Đà Nẵng,2025-11-14 4:00,1.91,Bình thường,0,-4.59,6.5,7.5,8.8,10.06,1964,108.1330032,15.84200001,,,,,,,,,,
River,71530,Giao Thủy,Vu Gia - Thu Bồn,TP. Đà Nẵng,2025-11-14 5:00,1.91,Bình thường,0,-4.59,6.5,7.5,8.8,10.06,1964,108.1330032,15.84200001,,,,,,,,,,
River,71530,Giao Thủy,Vu Gia - Thu Bồn,TP. Đà Nẵng,2025-11-14 6:00,1.91,Bình thường,0,-4.59,6.5,7.5,8.8,10.06,1964,108.1330032,15.84200001,,,,,,,,,,
River,71530,Giao Thủy,Vu Gia - Thu Bồn,TP. Đà Nẵng,2025-11-14 7:00,1.93,Bình thường,0,-4.57,6.5,7.5,8.8,10.06,1964,108.1330032,15.84200001,,,,,,,,,,
River,71530,Giao Thủy,Vu Gia - Thu Bồn,TP. Đà Nẵng,2025-11-14 8:00,1.94,Bình thường,0,-4.56,6.5,7.5,8.8,10.06,1964,108.1330032,15.84200001,,,,,,,,,,
River,71530,Giao Thủy,Vu Gia - Thu Bồn,TP. Đà Nẵng,2025-11-14 9:00,2,Bình thường,0,-4.5,6.5,7.5,8.8,10.06,1964,108.1330032,15.84200001,,,,,,,,,,
River,71530,Giao Thủy,Vu Gia - Thu Bồn,TP. Đà Nẵng,2025-11-14 10:00,2.07,Bình thường,0,-4.43,6.5,7.5,8.8,10.06,1964,108.1330032,15.84200001,,,,,,,,,,
River,71530,Giao Thủy,Vu Gia - Thu Bồn,TP. Đà Nẵng,2025-11-14 11:00,2.13,Bình thường,0,-4.37,6.5,7.5,8.8,10.06,1964,108.1330032,15.84200001,,,,,,,,,,
River,71530,Giao Thủy,Vu Gia - Thu Bồn,TP. Đà Nẵng,2025-11-14 12:00,2.19,Bình thường,0,-4.31,6.5,7.5,8.8,10.06,1964,108.1330032,15.84200001,,,,,,,,,,
River,71530,Giao Thủy,Vu Gia - Thu Bồn,TP. Đà Nẵng,2025-11-14 13:00,2.25,Bình thường,0,-4.25,6.5,7.5,8.8,10.06,1964,108.1330032,15.84200001,,,,,,,,,,
River,71530,Giao Thủy,Vu Gia - Thu Bồn,TP. Đà Nẵng,2025-11-15 0:00,2.65,Bình thường,0,-3.85,6.5,7.5,8.8,10.06,1964,108.1330032,15.84200001,,,,,,,,,,
River,71530,Giao Thủy,Vu Gia - Thu Bồn,TP. Đà Nẵng,2025-11-15 1:00,2.66,Bình thường,0,-3.84,6.5,7.5,8.8,10.06,1964,108.1330032,15.84200001,,,,,,,,,,
River,71530,Giao Thủy,Vu Gia - Thu Bồn,TP. Đà Nẵng,2025-11-15 2:00,2.66,Bình thường,0,-3.84,6.5,7.5,8.8,10.06,1964,108.1330032,15.84200001,,,,,,,,,,
River,71530,Giao Thủy,Vu Gia - Thu Bồn,TP. Đà Nẵng,2025-11-15 3:00,2.66,Bình thường,0,-3.84,6.5,7.5,8.8,10.06,1964,108.1330032,15.84200001,,,,,,,,,,
River,71530,Giao Thủy,Vu Gia - Thu Bồn,TP. Đà Nẵng,2025-11-15 4:00,2.66,Bình thường,0,-3.84,6.5,7.5,8.8,10.06,1964,108.1330032,15.84200001,,,,,,,,,,
River,71530,Giao Thủy,Vu Gia - Thu Bồn,TP. Đà Nẵng,2025-11-15 5:00,2.66,Bình thường,0,-3.84,6.5,7.5,8.8,10.06,1964,108.1330032,15.84200001,,,,,,,,,,
River,71530,Giao Thủy,Vu Gia - Thu Bồn,TP. Đà Nẵng,2025-11-15 6:00,2.65,Bình thường,0,-3.85,6.5,7.5,8.8,10.06,1964,108.1330032,15.84200001,,,,,,,,,,
River,71530,Giao Thủy,Vu Gia - Thu Bồn,TP. Đà Nẵng,2025-11-15 7:00,2.68,Bình thường,0,-3.82,6.5,7.5,8.8,10.06,1964,108.1330032,15.84200001,,,,,,,,,,
River,71530,Giao Thủy,Vu Gia - Thu Bồn,TP. Đà Nẵng,2025-11-15 8:00,2.7,Bình thường,0,-3.8,6.5,7.5,8.8,10.06,1964,108.1330032,15.84200001,,,,,,,,,,
River,71530,Giao Thủy,Vu Gia - Thu Bồn,TP. Đà Nẵng,2025-11-15 9:00,2.71,Bình thường,0,-3.79,6.5,7.5,8.8,10.06,1964,108.1330032,15.84200001,,,,,,,,,,
River,71530,Giao Thủy,Vu Gia - Thu Bồn,TP. Đà Nẵng,2025-11-15 10:00,2.72,Bình thường,0,-3.78,6.5,7.5,8.8,10.06,1964,108.1330032,15.84200001,,,,,,,,,,
River,71530,Giao Thủy,Vu Gia - Thu Bồn,TP. Đà Nẵng,2025-11-15 11:00,2.72,Bình thường,0,-3.78,6.5,7.5,8.8,10.06,1964,108.1330032,15.84200001,,,,,,,,,,
River,71530,Giao Thủy,Vu Gia - Thu Bồn,TP. Đà Nẵng,2025-11-15 12:00,2.69,Bình thường,0,-3.81,6.5,7.5,8.8,10.06,1964,108.1330032,15.84200001,,,,,,,,,,
River,71532,Hội An,Vu Gia - Thu Bồn,TP. Đà Nẵng,2025-11-09 0:00,0.96,Bình thường,0,-0.04,1,1.5,2,3.4,1964,108.3330002,15.86699963,,,,,,,,,,
River,71532,Hội An,Vu Gia - Thu Bồn,TP. Đà Nẵng,2025-11-09 1:00,0.87,Bình thường,0,-0.13,1,1.5,2,3.4,1964,108.3330002,15.86699963,,,,,,,,,,
River,71532,Hội An,Vu Gia - Thu Bồn,TP. Đà Nẵng,2025-11-09 2:00,0.69,Bình thường,0,-0.31,1,1.5,2,3.4,1964,108.3330002,15.86699963,,,,,,,,,,
River,71532,Hội An,Vu Gia - Thu Bồn,TP. Đà Nẵng,2025-11-09 3:00,0.5,Bình thường,0,-0.5,1,1.5,2,3.4,1964,108.3330002,15.86699963,,,,,,,,,,
River,71532,Hội An,Vu Gia - Thu Bồn,TP. Đà Nẵng,2025-11-09 4:00,0.3,Bình thường,0,-0.7,1,1.5,2,3.4,1964,108.3330002,15.86699963,,,,,,,,,,
River,71532,Hội An,Vu Gia - Thu Bồn,TP. Đà Nẵng,2025-11-09 5:00,0.12,Bình thường,0,-0.88,1,1.5,2,3.4,1964,108.3330002,15.86699963,,,,,,,,,,
River,71532,Hội An,Vu Gia - Thu Bồn,TP. Đà Nẵng,2025-11-09 6:00,-0.01,Bình thường,0,-1.01,1,1.5,2,3.4,1964,108.3330002,15.86699963,,,,,,,,,,
River,71532,Hội An,Vu Gia - Thu Bồn,TP. Đà Nẵng,2025-11-09 7:00,-0.1,Bình thường,0,-1.1,1,1.5,2,3.4,1964,108.3330002,15.86699963,,,,,,,,,,
River,71532,Hội An,Vu Gia - Thu Bồn,TP. Đà Nẵng,2025-11-09 8:00,-0.15,Bình thường,0,-1.15,1,1.5,2,3.4,1964,108.3330002,15.86699963,,,,,,,,,,
River,71532,Hội An,Vu Gia - Thu Bồn,TP. Đà Nẵng,2025-11-09 9:00,-0.15,Bình thường,0,-1.15,1,1.5,2,3.4,1964,108.3330002,15.86699963,,,,,,,,,,
River,71532,Hội An,Vu Gia - Thu Bồn,TP. Đà Nẵng,2025-11-09 10:00,-0.08,Bình thường,0,-1.08,1,1.5,2,3.4,1964,108.3330002,15.86699963,,,,,,,,,,
River,71532,Hội An,Vu Gia - Thu Bồn,TP. Đà Nẵng,2025-11-09 11:00,0.05,Bình thường,0,-0.95,1,1.5,2,3.4,1964,108.3330002,15.86699963,,,,,,,,,,
River,71532,Hội An,Vu Gia - Thu Bồn,TP. Đà Nẵng,2025-11-09 12:00,0.2,Bình thường,0,-0.8,1,1.5,2,3.4,1964,108.3330002,15.86699963,,,,,,,,,,
River,71532,Hội An,Vu Gia - Thu Bồn,TP. Đà Nẵng,2025-11-09 13:00,0.4,Bình thường,0,-0.6,1,1.5,2,3.4,1964,108.3330002,15.86699963,,,,,,,,,,
River,71532,Hội An,Vu Gia - Thu Bồn,TP. Đà Nẵng,2025-11-09 14:00,0.44,Bình thường,0,-0.56,1,1.5,2,3.4,1964,108.3330002,15.86699963,,,,,,,,,,
River,71532,Hội An,Vu Gia - Thu Bồn,TP. Đà Nẵng,2025-11-09 15:00,0.49,Bình thường,0,-0.51,1,1.5,2,3.4,1964,108.3330002,15.86699963,,,,,,,,,,
River,71532,Hội An,Vu Gia - Thu Bồn,TP. Đà Nẵng,2025-11-09 16:00,0.53,Bình thường,0,-0.47,1,1.5,2,3.4,1964,108.3330002,15.86699963,,,,,,,,,,
River,71532,Hội An,Vu Gia - Thu Bồn,TP. Đà Nẵng,2025-11-09 17:00,0.55,Bình thường,0,-0.45,1,1.5,2,3.4,1964,108.3330002,15.86699963,,,,,,,,,,
River,71532,Hội An,Vu Gia - Thu Bồn,TP. Đà Nẵng,2025-11-09 18:00,0.62,Bình thường,0,-0.38,1,1.5,2,3.4,1964,108.3330002,15.86699963,,,,,,,,,,
River,71532,Hội An,Vu Gia - Thu Bồn,TP. Đà Nẵng,2025-11-09 19:00,0.64,Bình thường,0,-0.36,1,1.5,2,3.4,1964,108.3330002,15.86699963,,,,,,,,,,
River,71532,Hội An,Vu Gia - Thu Bồn,TP. Đà Nẵng,2025-11-09 20:00,0.73,Bình thường,0,-0.27,1,1.5,2,3.4,1964,108.3330002,15.86699963,,,,,,,,,,
River,71532,Hội An,Vu Gia - Thu Bồn,TP. Đà Nẵng,2025-11-09 21:00,0.8,Bình thường,0,-0.2,1,1.5,2,3.4,1964,108.3330002,15.86699963,,,,,,,,,,
River,71532,Hội An,Vu Gia - Thu Bồn,TP. Đà Nẵng,2025-11-09 22:00,0.86,Bình thường,0,-0.14,1,1.5,2,3.4,1964,108.3330002,15.86699963,,,,,,,,,,
River,71532,Hội An,Vu Gia - Thu Bồn,TP. Đà Nẵng,2025-11-09 23:00,0.91,Bình thường,0,-0.09,1,1.5,2,3.4,1964,108.3330002,15.86699963,,,,,,,,,,
River,71532,Hội An,Vu Gia - Thu Bồn,TP. Đà Nẵng,2025-11-10 0:00,0.9,Bình thường,0,-0.1,1,1.5,2,3.4,1964,108.3330002,15.86699963,,,,,,,,,,
River,71532,Hội An,Vu Gia - Thu Bồn,TP. Đà Nẵng,2025-11-10 1:00,0.84,Bình thường,0,-0.16,1,1.5,2,3.4,1964,108.3330002,15.86699963,,,,,,,,,,
River,71532,Hội An,Vu Gia - Thu Bồn,TP. Đà Nẵng,2025-11-10 2:00,0.73,Bình thường,0,-0.27,1,1.5,2,3.4,1964,108.3330002,15.86699963,,,,,,,,,,
River,71532,Hội An,Vu Gia - Thu Bồn,TP. Đà Nẵng,2025-11-10 3:00,0.56,Bình thường,0,-0.44,1,1.5,2,3.4,1964,108.3330002,15.86699963,,,,,,,,,,
River,71532,Hội An,Vu Gia - Thu Bồn,TP. Đà Nẵng,2025-11-10 4:00,0.4,Bình thường,0,-0.6,1,1.5,2,3.4,1964,108.3330002,15.86699963,,,,,,,,,,
River,71532,Hội An,Vu Gia - Thu Bồn,TP. Đà Nẵng,2025-11-10 5:00,0.21,Bình thường,0,-0.79,1,1.5,2,3.4,1964,108.3330002,15.86699963,,,,,,,,,,
River,71532,Hội An,Vu Gia - Thu Bồn,TP. Đà Nẵng,2025-11-10 6:00,0.05,Bình thường,0,-0.95,1,1.5,2,3.4,1964,108.3330002,15.86699963,,,,,,,,,,
River,71532,Hội An,Vu Gia - Thu Bồn,TP. Đà Nẵng,2025-11-10 7:00,-0.07,Bình thường,0,-1.07,1,1.5,2,3.4,1964,108.3330002,15.86699963,,,,,,,,,,
River,71532,Hội An,Vu Gia - Thu Bồn,TP. Đà Nẵng,2025-11-10 8:00,-0.18,Bình thường,0,-1.18,1,1.5,2,3.4,1964,108.3330002,15.86699963,,,,,,,,,,
River,71532,Hội An,Vu Gia - Thu Bồn,TP. Đà Nẵng,2025-11-10 9:00,-0.2,Bình thường,0,-1.2,1,1.5,2,3.4,1964,108.3330002,15.86699963,,,,,,,,,,
River,71532,Hội An,Vu Gia - Thu Bồn,TP. Đà Nẵng,2025-11-10 10:00,-0.19,Bình thường,0,-1.19,1,1.5,2,3.4,1964,108.3330002,15.86699963,,,,,,,,,,
River,71532,Hội An,Vu Gia - Thu Bồn,TP. Đà Nẵng,2025-11-10 11:00,-0.08,Bình thường,0,-1.08,1,1.5,2,3.4,1964,108.3330002,15.86699963,,,,,,,,,,
River,71532,Hội An,Vu Gia - Thu Bồn,TP. Đà Nẵng,2025-11-10 12:00,0.05,Bình thường,0,-0.95,1,1.5,2,3.4,1964,108.3330002,15.86699963,,,,,,,,,,
River,71532,Hội An,Vu Gia - Thu Bồn,TP. Đà Nẵng,2025-11-10 13:00,0.19,Bình thường,0,-0.81,1,1.5,2,3.4,1964,108.3330002,15.86699963,,,,,,,,,,
River,71532,Hội An,Vu Gia - Thu Bồn,TP. Đà Nẵng,2025-11-10 14:00,0.33,Bình thường,0,-0.67,1,1.5,2,3.4,1964,108.3330002,15.86699963,,,,,,,,,,
River,71532,Hội An,Vu Gia - Thu Bồn,TP. Đà Nẵng,2025-11-10 15:00,0.43,Bình thường,0,-0.57,1,1.5,2,3.4,1964,108.3330002,15.86699963,,,,,,,,,,
River,71532,Hội An,Vu Gia - Thu Bồn,TP. Đà Nẵng,2025-11-10 16:00,0.51,Bình thường,0,-0.49,1,1.5,2,3.4,1964,108.3330002,15.86699963,,,,,,,,,,
River,71532,Hội An,Vu Gia - Thu Bồn,TP. Đà Nẵng,2025-11-10 17:00,0.53,Bình thường,0,-0.47,1,1.5,2,3.4,1964,108.3330002,15.86699963,,,,,,,,,,
River,71532,Hội An,Vu Gia - Thu Bồn,TP. Đà Nẵng,2025-11-10 18:00,0.57,Bình thường,0,-0.43,1,1.5,2,3.4,1964,108.3330002,15.86699963,,,,,,,,,,
River,71532,Hội An,Vu Gia - Thu Bồn,TP. Đà Nẵng,2025-11-10 19:00,0.63,Bình thường,0,-0.37,1,1.5,2,3.4,1964,108.3330002,15.86699963,,,,,,,,,,
River,71532,Hội An,Vu Gia - Thu Bồn,TP. Đà Nẵng,2025-11-10 20:00,0.66,Bình thường,0,-0.34,1,1.5,2,3.4,1964,108.3330002,15.86699963,,,,,,,,,,
River,71532,Hội An,Vu Gia - Thu Bồn,TP. Đà Nẵng,2025-11-10 21:00,0.73,Bình thường,0,-0.27,1,1.5,2,3.4,1964,108.3330002,15.86699963,,,,,,,,,,
River,71532,Hội An,Vu Gia - Thu Bồn,TP. Đà Nẵng,2025-11-10 22:00,0.8,Bình thường,0,-0.2,1,1.5,2,3.4,1964,108.3330002,15.86699963,,,,,,,,,,
River,71532,Hội An,Vu Gia - Thu Bồn,TP. Đà Nẵng,2025-11-10 23:00,0.85,Bình thường,0,-0.15,1,1.5,2,3.4,1964,108.3330002,15.86699963,,,,,,,,,,
River,71532,Hội An,Vu Gia - Thu Bồn,TP. Đà Nẵng,2025-11-11 0:00,0.89,Bình thường,0,-0.11,1,1.5,2,3.4,1964,108.3330002,15.86699963,,,,,,,,,,
River,71532,Hội An,Vu Gia - Thu Bồn,TP. Đà Nẵng,2025-11-11 1:00,0.9,Bình thường,0,-0.1,1,1.5,2,3.4,1964,108.3330002,15.86699963,,,,,,,,,,
River,71532,Hội An,Vu Gia - Thu Bồn,TP. Đà Nẵng,2025-11-11 2:00,0.82,Bình thường,0,-0.18,1,1.5,2,3.4,1964,108.3330002,15.86699963,,,,,,,,,,
River,71532,Hội An,Vu Gia - Thu Bồn,TP. Đà Nẵng,2025-11-11 3:00,0.72,Bình thường,0,-0.28,1,1.5,2,3.4,1964,108.3330002,15.86699963,,,,,,,,,,
River,71532,Hội An,Vu Gia - Thu Bồn,TP. Đà Nẵng,2025-11-11 4:00,0.54,Bình thường,0,-0.46,1,1.5,2,3.4,1964,108.3330002,15.86699963,,,,,,,,,,
River,71532,Hội An,Vu Gia - Thu Bồn,TP. Đà Nẵng,2025-11-11 5:00,0.4,Bình thường,0,-0.6,1,1.5,2,3.4,1964,108.3330002,15.86699963,,,,,,,,,,
River,71532,Hội An,Vu Gia - Thu Bồn,TP. Đà Nẵng,2025-11-11 6:00,0.23,Bình thường,0,-0.77,1,1.5,2,3.4,1964,108.3330002,15.86699963,,,,,,,,,,
River,71532,Hội An,Vu Gia - Thu Bồn,TP. Đà Nẵng,2025-11-11 7:00,0.07,Bình thường,0,-0.93,1,1.5,2,3.4,1964,108.3330002,15.86699963,,,,,,,,,,
River,71532,Hội An,Vu Gia - Thu Bồn,TP. Đà Nẵng,2025-11-11 8:00,-0.07,Bình thường,0,-1.07,1,1.5,2,3.4,1964,108.3330002,15.86699963,,,,,,,,,,
River,71532,Hội An,Vu Gia - Thu Bồn,TP. Đà Nẵng,2025-11-11 9:00,-0.13,Bình thường,0,-1.13,1,1.5,2,3.4,1964,108.3330002,15.86699963,,,,,,,,,,
River,71532,Hội An,Vu Gia - Thu Bồn,TP. Đà Nẵng,2025-11-11 10:00,-0.15,Bình thường,0,-1.15,1,1.5,2,3.4,1964,108.3330002,15.86699963,,,,,,,,,,
River,71532,Hội An,Vu Gia - Thu Bồn,TP. Đà Nẵng,2025-11-11 11:00,-0.11,Bình thường,0,-1.11,1,1.5,2,3.4,1964,108.3330002,15.86699963,,,,,,,,,,
River,71532,Hội An,Vu Gia - Thu Bồn,TP. Đà Nẵng,2025-11-11 12:00,-0.02,Bình thường,0,-1.02,1,1.5,2,3.4,1964,108.3330002,15.86699963,,,,,,,,,,
River,71532,Hội An,Vu Gia - Thu Bồn,TP. Đà Nẵng,2025-11-11 13:00,0.13,Bình thường,0,-0.87,1,1.5,2,3.4,1964,108.3330002,15.86699963,,,,,,,,,,
River,71532,Hội An,Vu Gia - Thu Bồn,TP. Đà Nẵng,2025-11-11 14:00,0.29,Bình thường,0,-0.71,1,1.5,2,3.4,1964,108.3330002,15.86699963,,,,,,,,,,
River,71532,Hội An,Vu Gia - Thu Bồn,TP. Đà Nẵng,2025-11-11 15:00,0.45,Bình thường,0,-0.55,1,1.5,2,3.4,1964,108.3330002,15.86699963,,,,,,,,,,
River,71532,Hội An,Vu Gia - Thu Bồn,TP. Đà Nẵng,2025-11-11 16:00,0.53,Bình thường,0,-0.47,1,1.5,2,3.4,1964,108.3330002,15.86699963,,,,,,,,,,
River,71532,Hội An,Vu Gia - Thu Bồn,TP. Đà Nẵng,2025-11-11 17:00,0.58,Bình thường,0,-0.42,1,1.5,2,3.4,1964,108.3330002,15.86699963,,,,,,,,,,
River,71532,Hội An,Vu Gia - Thu Bồn,TP. Đà Nẵng,2025-11-11 18:00,0.64,Bình thường,0,-0.36,1,1.5,2,3.4,1964,108.3330002,15.86699963,,,,,,,,,,
River,71532,Hội An,Vu Gia - Thu Bồn,TP. Đà Nẵng,2025-11-11 19:00,0.68,Bình thường,0,-0.32,1,1.5,2,3.4,1964,108.3330002,15.86699963,,,,,,,,,,
River,71532,Hội An,Vu Gia - Thu Bồn,TP. Đà Nẵng,2025-11-11 20:00,0.71,Bình thường,0,-0.29,1,1.5,2,3.4,1964,108.3330002,15.86699963,,,,,,,,,,
River,71532,Hội An,Vu Gia - Thu Bồn,TP. Đà Nẵng,2025-11-11 21:00,0.76,Bình thường,0,-0.24,1,1.5,2,3.4,1964,108.3330002,15.86699963,,,,,,,,,,
River,71532,Hội An,Vu Gia - Thu Bồn,TP. Đà Nẵng,2025-11-11 22:00,0.8,Bình thường,0,-0.2,1,1.5,2,3.4,1964,108.3330002,15.86699963,,,,,,,,,,
River,71532,Hội An,Vu Gia - Thu Bồn,TP. Đà Nẵng,2025-11-11 23:00,0.84,Bình thường,0,-0.16,1,1.5,2,3.4,1964,108.3330002,15.86699963,,,,,,,,,,
River,71532,Hội An,Vu Gia - Thu Bồn,TP. Đà Nẵng,2025-11-12 0:00,0.88,Bình thường,0,-0.12,1,1.5,2,3.4,1964,108.3330002,15.86699963,,,,,,,,,,
River,71532,Hội An,Vu Gia - Thu Bồn,TP. Đà Nẵng,2025-11-12 1:00,0.91,Bình thường,0,-0.09,1,1.5,2,3.4,1964,108.3330002,15.86699963,,,,,,,,,,
River,71532,Hội An,Vu Gia - Thu Bồn,TP. Đà Nẵng,2025-11-12 2:00,0.91,Bình thường,0,-0.09,1,1.5,2,3.4,1964,108.3330002,15.86699963,,,,,,,,,,
River,71532,Hội An,Vu Gia - Thu Bồn,TP. Đà Nẵng,2025-11-12 3:00,0.84,Bình thường,0,-0.16,1,1.5,2,3.4,1964,108.3330002,15.86699963,,,,,,,,,,
River,71532,Hội An,Vu Gia - Thu Bồn,TP. Đà Nẵng,2025-11-12 4:00,0.74,Bình thường,0,-0.26,1,1.5,2,3.4,1964,108.3330002,15.86699963,,,,,,,,,,
River,71532,Hội An,Vu Gia - Thu Bồn,TP. Đà Nẵng,2025-11-12 5:00,0.63,Bình thường,0,-0.37,1,1.5,2,3.4,1964,108.3330002,15.86699963,,,,,,,,,,
River,71532,Hội An,Vu Gia - Thu Bồn,TP. Đà Nẵng,2025-11-12 6:00,0.5,Bình thường,0,-0.5,1,1.5,2,3.4,1964,108.3330002,15.86699963,,,,,,,,,,
River,71532,Hội An,Vu Gia - Thu Bồn,TP. Đà Nẵng,2025-11-12 7:00,0.35,Bình thường,0,-0.65,1,1.5,2,3.4,1964,108.3330002,15.86699963,,,,,,,,,,
River,71532,Hội An,Vu Gia - Thu Bồn,TP. Đà Nẵng,2025-11-12 8:00,0.21,Bình thường,0,-0.79,1,1.5,2,3.4,1964,108.3330002,15.86699963,,,,,,,,,,
River,71532,Hội An,Vu Gia - Thu Bồn,TP. Đà Nẵng,2025-11-12 9:00,0.08,Bình thường,0,-0.92,1,1.5,2,3.4,1964,108.3330002,15.86699963,,,,,,,,,,
River,71532,Hội An,Vu Gia - Thu Bồn,TP. Đà Nẵng,2025-11-12 10:00,0.04,Bình thường,0,-0.96,1,1.5,2,3.4,1964,108.3330002,15.86699963,,,,,,,,,,
River,71532,Hội An,Vu Gia - Thu Bồn,TP. Đà Nẵng,2025-11-12 11:00,0.01,Bình thường,0,-0.99,1,1.5,2,3.4,1964,108.3330002,15.86699963,,,,,,,,,,
River,71532,Hội An,Vu Gia - Thu Bồn,TP. Đà Nẵng,2025-11-12 12:00,0.09,Bình thường,0,-0.91,1,1.5,2,3.4,1964,108.3330002,15.86699963,,,,,,,,,,
River,71532,Hội An,Vu Gia - Thu Bồn,TP. Đà Nẵng,2025-11-12 13:00,0.18,Bình thường,0,-0.82,1,1.5,2,3.4,1964,108.3330002,15.86699963,,,,,,,,,,
River,71532,Hội An,Vu Gia - Thu Bồn,TP. Đà Nẵng,2025-11-12 14:00,0.31,Bình thường,0,-0.69,1,1.5,2,3.4,1964,108.3330002,15.86699963,,,,,,,,,,
River,71532,Hội An,Vu Gia - Thu Bồn,TP. Đà Nẵng,2025-11-12 15:00,0.45,Bình thường,0,-0.55,1,1.5,2,3.4,1964,108.3330002,15.86699963,,,,,,,,,,
River,71532,Hội An,Vu Gia - Thu Bồn,TP. Đà Nẵng,2025-11-12 16:00,0.58,Bình thường,0,-0.42,1,1.5,2,3.4,1964,108.3330002,15.86699963,,,,,,,,,,
River,71532,Hội An,Vu Gia - Thu Bồn,TP. Đà Nẵng,2025-11-12 17:00,0.66,Bình thường,0,-0.34,1,1.5,2,3.4,1964,108.3330002,15.86699963,,,,,,,,,,
River,71532,Hội An,Vu Gia - Thu Bồn,TP. Đà Nẵng,2025-11-12 18:00,0.75,Bình thường,0,-0.25,1,1.5,2,3.4,1964,108.3330002,15.86699963,,,,,,,,,,
River,71532,Hội An,Vu Gia - Thu Bồn,TP. Đà Nẵng,2025-11-12 19:00,0.78,Bình thường,0,-0.22,1,1.5,2,3.4,1964,108.3330002,15.86699963,,,,,,,,,,
River,71532,Hội An,Vu Gia - Thu Bồn,TP. Đà Nẵng,2025-11-12 20:00,0.83,Bình thường,0,-0.17,1,1.5,2,3.4,1964,108.3330002,15.86699963,,,,,,,,,,
River,71532,Hội An,Vu Gia - Thu Bồn,TP. Đà Nẵng,2025-11-12 21:00,0.8,Bình thường,0,-0.2,1,1.5,2,3.4,1964,108.3330002,15.86699963,,,,,,,,,,
River,71532,Hội An,Vu Gia - Thu Bồn,TP. Đà Nẵng,2025-11-12 22:00,0.8,Bình thường,0,-0.2,1,1.5,2,3.4,1964,108.3330002,15.86699963,,,,,,,,,,
River,71532,Hội An,Vu Gia - Thu Bồn,TP. Đà Nẵng,2025-11-12 23:00,0.83,Bình thường,0,-0.17,1,1.5,2,3.4,1964,108.3330002,15.86699963,,,,,,,,,,
River,71532,Hội An,Vu Gia - Thu Bồn,TP. Đà Nẵng,2025-11-13 1:00,0.85,Bình thường,0,-0.15,1,1.5,2,3.4,1964,108.3330002,15.86699963,,,,,,,,,,
River,71532,Hội An,Vu Gia - Thu Bồn,TP. Đà Nẵng,2025-11-13 2:00,0.87,Bình thường,0,-0.13,1,1.5,2,3.4,1964,108.3330002,15.86699963,,,,,,,,,,
River,71532,Hội An,Vu Gia - Thu Bồn,TP. Đà Nẵng,2025-11-13 3:00,0.81,Bình thường,0,-0.19,1,1.5,2,3.4,1964,108.3330002,15.86699963,,,,,,,,,,
River,71532,Hội An,Vu Gia - Thu Bồn,TP. Đà Nẵng,2025-11-13 4:00,0.8,Bình thường,0,-0.2,1,1.5,2,3.4,1964,108.3330002,15.86699963,,,,,,,,,,
River,71532,Hội An,Vu Gia - Thu Bồn,TP. Đà Nẵng,2025-11-13 5:00,0.72,Bình thường,0,-0.28,1,1.5,2,3.4,1964,108.3330002,15.86699963,,,,,,,,,,
River,71532,Hội An,Vu Gia - Thu Bồn,TP. Đà Nẵng,2025-11-13 6:00,0.63,Bình thường,0,-0.37,1,1.5,2,3.4,1964,108.3330002,15.86699963,,,,,,,,,,
River,71532,Hội An,Vu Gia - Thu Bồn,TP. Đà Nẵng,2025-11-13 7:00,0.53,Bình thường,0,-0.47,1,1.5,2,3.4,1964,108.3330002,15.86699963,,,,,,,,,,
River,71532,Hội An,Vu Gia - Thu Bồn,TP. Đà Nẵng,2025-11-13 8:00,0.39,Bình thường,0,-0.61,1,1.5,2,3.4,1964,108.3330002,15.86699963,,,,,,,,,,
River,71532,Hội An,Vu Gia - Thu Bồn,TP. Đà Nẵng,2025-11-13 9:00,0.28,Bình thường,0,-0.72,1,1.5,2,3.4,1964,108.3330002,15.86699963,,,,,,,,,,
River,71532,Hội An,Vu Gia - Thu Bồn,TP. Đà Nẵng,2025-11-13 10:00,0.17,Bình thường,0,-0.83,1,1.5,2,3.4,1964,108.3330002,15.86699963,,,,,,,,,,
River,71532,Hội An,Vu Gia - Thu Bồn,TP. Đà Nẵng,2025-11-13 11:00,0.12,Bình thường,0,-0.88,1,1.5,2,3.4,1964,108.3330002,15.86699963,,,,,,,,,,
River,71532,Hội An,Vu Gia - Thu Bồn,TP. Đà Nẵng,2025-11-13 12:00,0.09,Bình thường,0,-0.91,1,1.5,2,3.4,1964,108.3330002,15.86699963,,,,,,,,,,
River,71532,Hội An,Vu Gia - Thu Bồn,TP. Đà Nẵng,2025-11-13 13:00,0.15,Bình thường,0,-0.85,1,1.5,2,3.4,1964,108.3330002,15.86699963,,,,,,,,,,
River,71532,Hội An,Vu Gia - Thu Bồn,TP. Đà Nẵng,2025-11-13 14:00,0.23,Bình thường,0,-0.77,1,1.5,2,3.4,1964,108.3330002,15.86699963,,,,,,,,,,
River,71532,Hội An,Vu Gia - Thu Bồn,TP. Đà Nẵng,2025-11-13 15:00,0.35,Bình thường,0,-0.65,1,1.5,2,3.4,1964,108.3330002,15.86699963,,,,,,,,,,
River,71532,Hội An,Vu Gia - Thu Bồn,TP. Đà Nẵng,2025-11-13 16:00,0.48,Bình thường,0,-0.52,1,1.5,2,3.4,1964,108.3330002,15.86699963,,,,,,,,,,
River,71532,Hội An,Vu Gia - Thu Bồn,TP. Đà Nẵng,2025-11-13 17:00,0.57,Bình thường,0,-0.43,1,1.5,2,3.4,1964,108.3330002,15.86699963,,,,,,,,,,
River,71532,Hội An,Vu Gia - Thu Bồn,TP. Đà Nẵng,2025-11-13 18:00,0.66,Bình thường,0,-0.34,1,1.5,2,3.4,1964,108.3330002,15.86699963,,,,,,,,,,
River,71532,Hội An,Vu Gia - Thu Bồn,TP. Đà Nẵng,2025-11-13 19:00,0.72,Bình thường,0,-0.28,1,1.5,2,3.4,1964,108.3330002,15.86699963,,,,,,,,,,
River,71532,Hội An,Vu Gia - Thu Bồn,TP. Đà Nẵng,2025-11-13 20:00,0.73,Bình thường,0,-0.27,1,1.5,2,3.4,1964,108.3330002,15.86699963,,,,,,,,,,
River,71532,Hội An,Vu Gia - Thu Bồn,TP. Đà Nẵng,2025-11-13 21:00,0.74,Bình thường,0,-0.26,1,1.5,2,3.4,1964,108.3330002,15.86699963,,,,,,,,,,
River,71532,Hội An,Vu Gia - Thu Bồn,TP. Đà Nẵng,2025-11-13 22:00,0.71,Bình thường,0,-0.29,1,1.5,2,3.4,1964,108.3330002,15.86699963,,,,,,,,,,
River,71532,Hội An,Vu Gia - Thu Bồn,TP. Đà Nẵng,2025-11-14 0:00,0.66,Bình thường,0,-0.34,1,1.5,2,3.4,1964,108.3330002,15.86699963,,,,,,,,,,
River,71532,Hội An,Vu Gia - Thu Bồn,TP. Đà Nẵng,2025-11-14 1:00,0.65,Bình thường,0,-0.35,1,1.5,2,3.4,1964,108.3330002,15.86699963,,,,,,,,,,
River,71532,Hội An,Vu Gia - Thu Bồn,TP. Đà Nẵng,2025-11-14 2:00,0.67,Bình thường,0,-0.33,1,1.5,2,3.4,1964,108.3330002,15.86699963,,,,,,,,,,
River,71532,Hội An,Vu Gia - Thu Bồn,TP. Đà Nẵng,2025-11-14 3:00,0.65,Bình thường,0,-0.35,1,1.5,2,3.4,1964,108.3330002,15.86699963,,,,,,,,,,
River,71532,Hội An,Vu Gia - Thu Bồn,TP. Đà Nẵng,2025-11-14 4:00,0.67,Bình thường,0,-0.33,1,1.5,2,3.4,1964,108.3330002,15.86699963,,,,,,,,,,
River,71532,Hội An,Vu Gia - Thu Bồn,TP. Đà Nẵng,2025-11-14 5:00,0.64,Bình thường,0,-0.36,1,1.5,2,3.4,1964,108.3330002,15.86699963,,,,,,,,,,
River,71532,Hội An,Vu Gia - Thu Bồn,TP. Đà Nẵng,2025-11-14 6:00,0.62,Bình thường,0,-0.38,1,1.5,2,3.4,1964,108.3330002,15.86699963,,,,,,,,,,
River,71532,Hội An,Vu Gia - Thu Bồn,TP. Đà Nẵng,2025-11-14 7:00,0.58,Bình thường,0,-0.42,1,1.5,2,3.4,1964,108.3330002,15.86699963,,,,,,,,,,
River,71532,Hội An,Vu Gia - Thu Bồn,TP. Đà Nẵng,2025-11-14 8:00,0.5,Bình thường,0,-0.5,1,1.5,2,3.4,1964,108.3330002,15.86699963,,,,,,,,,,
River,71532,Hội An,Vu Gia - Thu Bồn,TP. Đà Nẵng,2025-11-14 9:00,0.41,Bình thường,0,-0.59,1,1.5,2,3.4,1964,108.3330002,15.86699963,,,,,,,,,,
River,71532,Hội An,Vu Gia - Thu Bồn,TP. Đà Nẵng,2025-11-14 10:00,0.34,Bình thường,0,-0.66,1,1.5,2,3.4,1964,108.3330002,15.86699963,,,,,,,,,,
River,71532,Hội An,Vu Gia - Thu Bồn,TP. Đà Nẵng,2025-11-14 11:00,0.25,Bình thường,0,-0.75,1,1.5,2,3.4,1964,108.3330002,15.86699963,,,,,,,,,,
River,71532,Hội An,Vu Gia - Thu Bồn,TP. Đà Nẵng,2025-11-14 12:00,0.21,Bình thường,0,-0.79,1,1.5,2,3.4,1964,108.3330002,15.86699963,,,,,,,,,,
River,71532,Hội An,Vu Gia - Thu Bồn,TP. Đà Nẵng,2025-11-14 13:00,0.23,Bình thường,0,-0.77,1,1.5,2,3.4,1964,108.3330002,15.86699963,,,,,,,,,,
River,71532,Hội An,Vu Gia - Thu Bồn,TP. Đà Nẵng,2025-11-15 0:00,0.66,Bình thường,0,-0.34,1,1.5,2,3.4,1964,108.3330002,15.86699963,,,,,,,,,,
River,71532,Hội An,Vu Gia - Thu Bồn,TP. Đà Nẵng,2025-11-15 1:00,0.61,Bình thường,0,-0.39,1,1.5,2,3.4,1964,108.3330002,15.86699963,,,,,,,,,,
River,71532,Hội An,Vu Gia - Thu Bồn,TP. Đà Nẵng,2025-11-15 2:00,0.59,Bình thường,0,-0.41,1,1.5,2,3.4,1964,108.3330002,15.86699963,,,,,,,,,,
River,71532,Hội An,Vu Gia - Thu Bồn,TP. Đà Nẵng,2025-11-15 3:00,0.58,Bình thường,0,-0.42,1,1.5,2,3.4,1964,108.3330002,15.86699963,,,,,,,,,,
River,71532,Hội An,Vu Gia - Thu Bồn,TP. Đà Nẵng,2025-11-15 4:00,0.6,Bình thường,0,-0.4,1,1.5,2,3.4,1964,108.3330002,15.86699963,,,,,,,,,,
River,71532,Hội An,Vu Gia - Thu Bồn,TP. Đà Nẵng,2025-11-15 5:00,0.6,Bình thường,0,-0.4,1,1.5,2,3.4,1964,108.3330002,15.86699963,,,,,,,,,,
River,71532,Hội An,Vu Gia - Thu Bồn,TP. Đà Nẵng,2025-11-15 6:00,0.6,Bình thường,0,-0.4,1,1.5,2,3.4,1964,108.3330002,15.86699963,,,,,,,,,,
River,71532,Hội An,Vu Gia - Thu Bồn,TP. Đà Nẵng,2025-11-15 7:00,0.62,Bình thường,0,-0.38,1,1.5,2,3.4,1964,108.3330002,15.86699963,,,,,,,,,,
River,71532,Hội An,Vu Gia - Thu Bồn,TP. Đà Nẵng,2025-11-15 8:00,0.59,Bình thường,0,-0.41,1,1.5,2,3.4,1964,108.3330002,15.86699963,,,,,,,,,,
River,71532,Hội An,Vu Gia - Thu Bồn,TP. Đà Nẵng,2025-11-15 9:00,0.53,Bình thường,0,-0.47,1,1.5,2,3.4,1964,108.3330002,15.86699963,,,,,,,,,,
River,71532,Hội An,Vu Gia - Thu Bồn,TP. Đà Nẵng,2025-11-15 10:00,0.48,Bình thường,0,-0.52,1,1.5,2,3.4,1964,108.3330002,15.86699963,,,,,,,,,,
River,71532,Hội An,Vu Gia - Thu Bồn,TP. Đà Nẵng,2025-11-15 11:00,0.43,Bình thường,0,-0.57,1,1.5,2,3.4,1964,108.3330002,15.86699963,,,,,,,,,,
River,71532,Hội An,Vu Gia - Thu Bồn,TP. Đà Nẵng,2025-11-15 12:00,0.36,Bình thường,0,-0.64,1,1.5,2,3.4,1964,108.3330002,15.86699963,,,,,,,,,,
River,71540,Trà Khúc,Trà Khúc,Quảng Ngãi,2025-11-09 0:00,1.74,Bình thường,0,-1.76,3.5,5,6.5,8.76,2013,108.7829971,15.13300037,,,,,,,,,,
River,71540,Trà Khúc,Trà Khúc,Quảng Ngãi,2025-11-09 1:00,1.69,Bình thường,0,-1.81,3.5,5,6.5,8.76,2013,108.7829971,15.13300037,,,,,,,,,,
River,71540,Trà Khúc,Trà Khúc,Quảng Ngãi,2025-11-09 2:00,1.62,Bình thường,0,-1.88,3.5,5,6.5,8.76,2013,108.7829971,15.13300037,,,,,,,,,,
River,71540,Trà Khúc,Trà Khúc,Quảng Ngãi,2025-11-09 3:00,1.57,Bình thường,0,-1.93,3.5,5,6.5,8.76,2013,108.7829971,15.13300037,,,,,,,,,,
River,71540,Trà Khúc,Trà Khúc,Quảng Ngãi,2025-11-09 4:00,1.54,Bình thường,0,-1.96,3.5,5,6.5,8.76,2013,108.7829971,15.13300037,,,,,,,,,,
River,71540,Trà Khúc,Trà Khúc,Quảng Ngãi,2025-11-09 5:00,1.52,Bình thường,0,-1.98,3.5,5,6.5,8.76,2013,108.7829971,15.13300037,,,,,,,,,,
River,71540,Trà Khúc,Trà Khúc,Quảng Ngãi,2025-11-09 6:00,1.52,Bình thường,0,-1.98,3.5,5,6.5,8.76,2013,108.7829971,15.13300037,,,,,,,,,,
River,71540,Trà Khúc,Trà Khúc,Quảng Ngãi,2025-11-09 7:00,1.52,Bình thường,0,-1.98,3.5,5,6.5,8.76,2013,108.7829971,15.13300037,,,,,,,,,,
River,71540,Trà Khúc,Trà Khúc,Quảng Ngãi,2025-11-09 8:00,1.53,Bình thường,0,-1.97,3.5,5,6.5,8.76,2013,108.7829971,15.13300037,,,,,,,,,,
River,71540,Trà Khúc,Trà Khúc,Quảng Ngãi,2025-11-09 9:00,1.51,Bình thường,0,-1.99,3.5,5,6.5,8.76,2013,108.7829971,15.13300037,,,,,,,,,,
River,71540,Trà Khúc,Trà Khúc,Quảng Ngãi,2025-11-09 10:00,1.49,Bình thường,0,-2.01,3.5,5,6.5,8.76,2013,108.7829971,15.13300037,,,,,,,,,,
River,71540,Trà Khúc,Trà Khúc,Quảng Ngãi,2025-11-09 11:00,1.47,Bình thường,0,-2.03,3.5,5,6.5,8.76,2013,108.7829971,15.13300037,,,,,,,,,,
River,71540,Trà Khúc,Trà Khúc,Quảng Ngãi,2025-11-09 12:00,1.47,Bình thường,0,-2.03,3.5,5,6.5,8.76,2013,108.7829971,15.13300037,,,,,,,,,,
River,71540,Trà Khúc,Trà Khúc,Quảng Ngãi,2025-11-09 13:00,1.45,Bình thường,0,-2.05,3.5,5,6.5,8.76,2013,108.7829971,15.13300037,,,,,,,,,,
River,71540,Trà Khúc,Trà Khúc,Quảng Ngãi,2025-11-09 14:00,1.43,Bình thường,0,-2.07,3.5,5,6.5,8.76,2013,108.7829971,15.13300037,,,,,,,,,,
River,71540,Trà Khúc,Trà Khúc,Quảng Ngãi,2025-11-09 15:00,1.44,Bình thường,0,-2.06,3.5,5,6.5,8.76,2013,108.7829971,15.13300037,,,,,,,,,,
River,71540,Trà Khúc,Trà Khúc,Quảng Ngãi,2025-11-09 16:00,1.44,Bình thường,0,-2.06,3.5,5,6.5,8.76,2013,108.7829971,15.13300037,,,,,,,,,,
River,71540,Trà Khúc,Trà Khúc,Quảng Ngãi,2025-11-09 17:00,1.43,Bình thường,0,-2.07,3.5,5,6.5,8.76,2013,108.7829971,15.13300037,,,,,,,,,,
River,71540,Trà Khúc,Trà Khúc,Quảng Ngãi,2025-11-09 18:00,1.45,Bình thường,0,-2.05,3.5,5,6.5,8.76,2013,108.7829971,15.13300037,,,,,,,,,,
River,71540,Trà Khúc,Trà Khúc,Quảng Ngãi,2025-11-09 19:00,1.45,Bình thường,0,-2.05,3.5,5,6.5,8.76,2013,108.7829971,15.13300037,,,,,,,,,,
River,71540,Trà Khúc,Trà Khúc,Quảng Ngãi,2025-11-09 20:00,1.47,Bình thường,0,-2.03,3.5,5,6.5,8.76,2013,108.7829971,15.13300037,,,,,,,,,,
River,71540,Trà Khúc,Trà Khúc,Quảng Ngãi,2025-11-09 21:00,1.51,Bình thường,0,-1.99,3.5,5,6.5,8.76,2013,108.7829971,15.13300037,,,,,,,,,,
River,71540,Trà Khúc,Trà Khúc,Quảng Ngãi,2025-11-09 22:00,1.54,Bình thường,0,-1.96,3.5,5,6.5,8.76,2013,108.7829971,15.13300037,,,,,,,,,,
River,71540,Trà Khúc,Trà Khúc,Quảng Ngãi,2025-11-09 23:00,1.59,Bình thường,0,-1.91,3.5,5,6.5,8.76,2013,108.7829971,15.13300037,,,,,,,,,,
River,71540,Trà Khúc,Trà Khúc,Quảng Ngãi,2025-11-10 0:00,1.59,Bình thường,0,-1.91,3.5,5,6.5,8.76,2013,108.7829971,15.13300037,,,,,,,,,,
River,71540,Trà Khúc,Trà Khúc,Quảng Ngãi,2025-11-10 1:00,1.58,Bình thường,0,-1.92,3.5,5,6.5,8.76,2013,108.7829971,15.13300037,,,,,,,,,,
River,71540,Trà Khúc,Trà Khúc,Quảng Ngãi,2025-11-10 2:00,1.52,Bình thường,0,-1.98,3.5,5,6.5,8.76,2013,108.7829971,15.13300037,,,,,,,,,,
River,71540,Trà Khúc,Trà Khúc,Quảng Ngãi,2025-11-10 3:00,1.45,Bình thường,0,-2.05,3.5,5,6.5,8.76,2013,108.7829971,15.13300037,,,,,,,,,,
River,71540,Trà Khúc,Trà Khúc,Quảng Ngãi,2025-11-10 4:00,1.39,Bình thường,0,-2.11,3.5,5,6.5,8.76,2013,108.7829971,15.13300037,,,,,,,,,,
River,71540,Trà Khúc,Trà Khúc,Quảng Ngãi,2025-11-10 5:00,1.35,Bình thường,0,-2.15,3.5,5,6.5,8.76,2013,108.7829971,15.13300037,,,,,,,,,,
River,71540,Trà Khúc,Trà Khúc,Quảng Ngãi,2025-11-10 6:00,1.32,Bình thường,0,-2.18,3.5,5,6.5,8.76,2013,108.7829971,15.13300037,,,,,,,,,,
River,71540,Trà Khúc,Trà Khúc,Quảng Ngãi,2025-11-10 7:00,1.31,Bình thường,0,-2.19,3.5,5,6.5,8.76,2013,108.7829971,15.13300037,,,,,,,,,,
River,71540,Trà Khúc,Trà Khúc,Quảng Ngãi,2025-11-10 8:00,1.3,Bình thường,0,-2.2,3.5,5,6.5,8.76,2013,108.7829971,15.13300037,,,,,,,,,,
River,71540,Trà Khúc,Trà Khúc,Quảng Ngãi,2025-11-10 9:00,1.29,Bình thường,0,-2.21,3.5,5,6.5,8.76,2013,108.7829971,15.13300037,,,,,,,,,,
River,71540,Trà Khúc,Trà Khúc,Quảng Ngãi,2025-11-10 10:00,1.28,Bình thường,0,-2.22,3.5,5,6.5,8.76,2013,108.7829971,15.13300037,,,,,,,,,,
River,71540,Trà Khúc,Trà Khúc,Quảng Ngãi,2025-11-10 11:00,1.27,Bình thường,0,-2.23,3.5,5,6.5,8.76,2013,108.7829971,15.13300037,,,,,,,,,,
River,71540,Trà Khúc,Trà Khúc,Quảng Ngãi,2025-11-10 12:00,1.26,Bình thường,0,-2.24,3.5,5,6.5,8.76,2013,108.7829971,15.13300037,,,,,,,,,,
River,71540,Trà Khúc,Trà Khúc,Quảng Ngãi,2025-11-10 13:00,1.24,Bình thường,0,-2.26,3.5,5,6.5,8.76,2013,108.7829971,15.13300037,,,,,,,,,,
River,71540,Trà Khúc,Trà Khúc,Quảng Ngãi,2025-11-10 14:00,1.25,Bình thường,0,-2.25,3.5,5,6.5,8.76,2013,108.7829971,15.13300037,,,,,,,,,,
River,71540,Trà Khúc,Trà Khúc,Quảng Ngãi,2025-11-10 15:00,1.24,Bình thường,0,-2.26,3.5,5,6.5,8.76,2013,108.7829971,15.13300037,,,,,,,,,,
River,71540,Trà Khúc,Trà Khúc,Quảng Ngãi,2025-11-10 16:00,1.23,Bình thường,0,-2.27,3.5,5,6.5,8.76,2013,108.7829971,15.13300037,,,,,,,,,,
River,71540,Trà Khúc,Trà Khúc,Quảng Ngãi,2025-11-10 17:00,1.24,Bình thường,0,-2.26,3.5,5,6.5,8.76,2013,108.7829971,15.13300037,,,,,,,,,,
River,71540,Trà Khúc,Trà Khúc,Quảng Ngãi,2025-11-10 18:00,1.26,Bình thường,0,-2.24,3.5,5,6.5,8.76,2013,108.7829971,15.13300037,,,,,,,,,,
River,71540,Trà Khúc,Trà Khúc,Quảng Ngãi,2025-11-10 19:00,1.26,Bình thường,0,-2.24,3.5,5,6.5,8.76,2013,108.7829971,15.13300037,,,,,,,,,,
River,71540,Trà Khúc,Trà Khúc,Quảng Ngãi,2025-11-10 20:00,1.29,Bình thường,0,-2.21,3.5,5,6.5,8.76,2013,108.7829971,15.13300037,,,,,,,,,,
River,71540,Trà Khúc,Trà Khúc,Quảng Ngãi,2025-11-10 21:00,1.33,Bình thường,0,-2.17,3.5,5,6.5,8.76,2013,108.7829971,15.13300037,,,,,,,,,,
River,71540,Trà Khúc,Trà Khúc,Quảng Ngãi,2025-11-10 22:00,1.38,Bình thường,0,-2.12,3.5,5,6.5,8.76,2013,108.7829971,15.13300037,,,,,,,,,,
River,71540,Trà Khúc,Trà Khúc,Quảng Ngãi,2025-11-10 23:00,1.42,Bình thường,0,-2.08,3.5,5,6.5,8.76,2013,108.7829971,15.13300037,,,,,,,,,,
River,71540,Trà Khúc,Trà Khúc,Quảng Ngãi,2025-11-11 0:00,1.49,Bình thường,0,-2.01,3.5,5,6.5,8.76,2013,108.7829971,15.13300037,,,,,,,,,,
River,71540,Trà Khúc,Trà Khúc,Quảng Ngãi,2025-11-11 1:00,1.47,Bình thường,0,-2.03,3.5,5,6.5,8.76,2013,108.7829971,15.13300037,,,,,,,,,,
River,71540,Trà Khúc,Trà Khúc,Quảng Ngãi,2025-11-11 2:00,1.45,Bình thường,0,-2.05,3.5,5,6.5,8.76,2013,108.7829971,15.13300037,,,,,,,,,,
River,71540,Trà Khúc,Trà Khúc,Quảng Ngãi,2025-11-11 3:00,1.4,Bình thường,0,-2.1,3.5,5,6.5,8.76,2013,108.7829971,15.13300037,,,,,,,,,,
River,71540,Trà Khúc,Trà Khúc,Quảng Ngãi,2025-11-11 4:00,1.34,Bình thường,0,-2.16,3.5,5,6.5,8.76,2013,108.7829971,15.13300037,,,,,,,,,,
River,71540,Trà Khúc,Trà Khúc,Quảng Ngãi,2025-11-11 5:00,1.29,Bình thường,0,-2.21,3.5,5,6.5,8.76,2013,108.7829971,15.13300037,,,,,,,,,,
River,71540,Trà Khúc,Trà Khúc,Quảng Ngãi,2025-11-11 6:00,1.26,Bình thường,0,-2.24,3.5,5,6.5,8.76,2013,108.7829971,15.13300037,,,,,,,,,,
River,71540,Trà Khúc,Trà Khúc,Quảng Ngãi,2025-11-11 7:00,1.24,Bình thường,0,-2.26,3.5,5,6.5,8.76,2013,108.7829971,15.13300037,,,,,,,,,,
River,71540,Trà Khúc,Trà Khúc,Quảng Ngãi,2025-11-11 8:00,1.24,Bình thường,0,-2.26,3.5,5,6.5,8.76,2013,108.7829971,15.13300037,,,,,,,,,,
River,71540,Trà Khúc,Trà Khúc,Quảng Ngãi,2025-11-11 9:00,1.23,Bình thường,0,-2.27,3.5,5,6.5,8.76,2013,108.7829971,15.13300037,,,,,,,,,,
River,71540,Trà Khúc,Trà Khúc,Quảng Ngãi,2025-11-11 10:00,1.23,Bình thường,0,-2.27,3.5,5,6.5,8.76,2013,108.7829971,15.13300037,,,,,,,,,,
River,71540,Trà Khúc,Trà Khúc,Quảng Ngãi,2025-11-11 11:00,1.22,Bình thường,0,-2.28,3.5,5,6.5,8.76,2013,108.7829971,15.13300037,,,,,,,,,,
River,71540,Trà Khúc,Trà Khúc,Quảng Ngãi,2025-11-11 12:00,1.22,Bình thường,0,-2.28,3.5,5,6.5,8.76,2013,108.7829971,15.13300037,,,,,,,,,,
River,71540,Trà Khúc,Trà Khúc,Quảng Ngãi,2025-11-11 13:00,1.22,Bình thường,0,-2.28,3.5,5,6.5,8.76,2013,108.7829971,15.13300037,,,,,,,,,,
River,71540,Trà Khúc,Trà Khúc,Quảng Ngãi,2025-11-11 14:00,1.21,Bình thường,0,-2.29,3.5,5,6.5,8.76,2013,108.7829971,15.13300037,,,,,,,,,,
River,71540,Trà Khúc,Trà Khúc,Quảng Ngãi,2025-11-11 15:00,1.21,Bình thường,0,-2.29,3.5,5,6.5,8.76,2013,108.7829971,15.13300037,,,,,,,,,,
River,71540,Trà Khúc,Trà Khúc,Quảng Ngãi,2025-11-11 16:00,1.22,Bình thường,0,-2.28,3.5,5,6.5,8.76,2013,108.7829971,15.13300037,,,,,,,,,,
River,71540,Trà Khúc,Trà Khúc,Quảng Ngãi,2025-11-11 17:00,1.23,Bình thường,0,-2.27,3.5,5,6.5,8.76,2013,108.7829971,15.13300037,,,,,,,,,,
River,71540,Trà Khúc,Trà Khúc,Quảng Ngãi,2025-11-11 18:00,1.25,Bình thường,0,-2.25,3.5,5,6.5,8.76,2013,108.7829971,15.13300037,,,,,,,,,,
River,71540,Trà Khúc,Trà Khúc,Quảng Ngãi,2025-11-11 19:00,1.27,Bình thường,0,-2.23,3.5,5,6.5,8.76,2013,108.7829971,15.13300037,,,,,,,,,,
River,71540,Trà Khúc,Trà Khúc,Quảng Ngãi,2025-11-11 20:00,1.3,Bình thường,0,-2.2,3.5,5,6.5,8.76,2013,108.7829971,15.13300037,,,,,,,,,,
River,71540,Trà Khúc,Trà Khúc,Quảng Ngãi,2025-11-11 21:00,1.32,Bình thường,0,-2.18,3.5,5,6.5,8.76,2013,108.7829971,15.13300037,,,,,,,,,,
River,71540,Trà Khúc,Trà Khúc,Quảng Ngãi,2025-11-11 22:00,1.37,Bình thường,0,-2.13,3.5,5,6.5,8.76,2013,108.7829971,15.13300037,,,,,,,,,,
River,71540,Trà Khúc,Trà Khúc,Quảng Ngãi,2025-11-11 23:00,1.41,Bình thường,0,-2.09,3.5,5,6.5,8.76,2013,108.7829971,15.13300037,,,,,,,,,,
River,71540,Trà Khúc,Trà Khúc,Quảng Ngãi,2025-11-12 0:00,1.44,Bình thường,0,-2.06,3.5,5,6.5,8.76,2013,108.7829971,15.13300037,,,,,,,,,,
River,71540,Trà Khúc,Trà Khúc,Quảng Ngãi,2025-11-12 1:00,1.49,Bình thường,0,-2.01,3.5,5,6.5,8.76,2013,108.7829971,15.13300037,,,,,,,,,,
River,71540,Trà Khúc,Trà Khúc,Quảng Ngãi,2025-11-12 2:00,1.48,Bình thường,0,-2.02,3.5,5,6.5,8.76,2013,108.7829971,15.13300037,,,,,,,,,,
River,71540,Trà Khúc,Trà Khúc,Quảng Ngãi,2025-11-12 3:00,1.45,Bình thường,0,-2.05,3.5,5,6.5,8.76,2013,108.7829971,15.13300037,,,,,,,,,,
River,71540,Trà Khúc,Trà Khúc,Quảng Ngãi,2025-11-12 4:00,1.39,Bình thường,0,-2.11,3.5,5,6.5,8.76,2013,108.7829971,15.13300037,,,,,,,,,,
River,71540,Trà Khúc,Trà Khúc,Quảng Ngãi,2025-11-12 5:00,1.33,Bình thường,0,-2.17,3.5,5,6.5,8.76,2013,108.7829971,15.13300037,,,,,,,,,,
River,71540,Trà Khúc,Trà Khúc,Quảng Ngãi,2025-11-12 6:00,1.28,Bình thường,0,-2.22,3.5,5,6.5,8.76,2013,108.7829971,15.13300037,,,,,,,,,,
River,71540,Trà Khúc,Trà Khúc,Quảng Ngãi,2025-11-12 7:00,1.22,Bình thường,0,-2.28,3.5,5,6.5,8.76,2013,108.7829971,15.13300037,,,,,,,,,,
River,71540,Trà Khúc,Trà Khúc,Quảng Ngãi,2025-11-12 8:00,1.19,Bình thường,0,-2.31,3.5,5,6.5,8.76,2013,108.7829971,15.13300037,,,,,,,,,,
River,71540,Trà Khúc,Trà Khúc,Quảng Ngãi,2025-11-12 9:00,1.15,Bình thường,0,-2.35,3.5,5,6.5,8.76,2013,108.7829971,15.13300037,,,,,,,,,,
River,71540,Trà Khúc,Trà Khúc,Quảng Ngãi,2025-11-12 10:00,1.15,Bình thường,0,-2.35,3.5,5,6.5,8.76,2013,108.7829971,15.13300037,,,,,,,,,,
River,71540,Trà Khúc,Trà Khúc,Quảng Ngãi,2025-11-12 11:00,1.14,Bình thường,0,-2.36,3.5,5,6.5,8.76,2013,108.7829971,15.13300037,,,,,,,,,,
River,71540,Trà Khúc,Trà Khúc,Quảng Ngãi,2025-11-12 12:00,1.13,Bình thường,0,-2.37,3.5,5,6.5,8.76,2013,108.7829971,15.13300037,,,,,,,,,,
River,71540,Trà Khúc,Trà Khúc,Quảng Ngãi,2025-11-12 13:00,1.13,Bình thường,0,-2.37,3.5,5,6.5,8.76,2013,108.7829971,15.13300037,,,,,,,,,,
River,71540,Trà Khúc,Trà Khúc,Quảng Ngãi,2025-11-12 14:00,1.14,Bình thường,0,-2.36,3.5,5,6.5,8.76,2013,108.7829971,15.13300037,,,,,,,,,,
River,71540,Trà Khúc,Trà Khúc,Quảng Ngãi,2025-11-12 15:00,1.12,Bình thường,0,-2.38,3.5,5,6.5,8.76,2013,108.7829971,15.13300037,,,,,,,,,,
River,71540,Trà Khúc,Trà Khúc,Quảng Ngãi,2025-11-12 16:00,1.15,Bình thường,0,-2.35,3.5,5,6.5,8.76,2013,108.7829971,15.13300037,,,,,,,,,,
River,71540,Trà Khúc,Trà Khúc,Quảng Ngãi,2025-11-12 17:00,1.17,Bình thường,0,-2.33,3.5,5,6.5,8.76,2013,108.7829971,15.13300037,,,,,,,,,,
River,71540,Trà Khúc,Trà Khúc,Quảng Ngãi,2025-11-12 18:00,1.21,Bình thường,0,-2.29,3.5,5,6.5,8.76,2013,108.7829971,15.13300037,,,,,,,,,,
River,71540,Trà Khúc,Trà Khúc,Quảng Ngãi,2025-11-12 19:00,1.23,Bình thường,0,-2.27,3.5,5,6.5,8.76,2013,108.7829971,15.13300037,,,,,,,,,,
River,71540,Trà Khúc,Trà Khúc,Quảng Ngãi,2025-11-12 20:00,1.25,Bình thường,0,-2.25,3.5,5,6.5,8.76,2013,108.7829971,15.13300037,,,,,,,,,,
River,71540,Trà Khúc,Trà Khúc,Quảng Ngãi,2025-11-12 21:00,1.27,Bình thường,0,-2.23,3.5,5,6.5,8.76,2013,108.7829971,15.13300037,,,,,,,,,,
River,71540,Trà Khúc,Trà Khúc,Quảng Ngãi,2025-11-12 22:00,1.29,Bình thường,0,-2.21,3.5,5,6.5,8.76,2013,108.7829971,15.13300037,,,,,,,,,,
River,71540,Trà Khúc,Trà Khúc,Quảng Ngãi,2025-11-12 23:00,1.3,Bình thường,0,-2.2,3.5,5,6.5,8.76,2013,108.7829971,15.13300037,,,,,,,,,,
River,71540,Trà Khúc,Trà Khúc,Quảng Ngãi,2025-11-13 1:00,1.34,Bình thường,0,-2.16,3.5,5,6.5,8.76,2013,108.7829971,15.13300037,,,,,,,,,,
River,71540,Trà Khúc,Trà Khúc,Quảng Ngãi,2025-11-13 2:00,1.35,Bình thường,0,-2.15,3.5,5,6.5,8.76,2013,108.7829971,15.13300037,,,,,,,,,,
River,71540,Trà Khúc,Trà Khúc,Quảng Ngãi,2025-11-13 3:00,1.35,Bình thường,0,-2.15,3.5,5,6.5,8.76,2013,108.7829971,15.13300037,,,,,,,,,,
River,71540,Trà Khúc,Trà Khúc,Quảng Ngãi,2025-11-13 4:00,1.34,Bình thường,0,-2.16,3.5,5,6.5,8.76,2013,108.7829971,15.13300037,,,,,,,,,,
River,71540,Trà Khúc,Trà Khúc,Quảng Ngãi,2025-11-13 5:00,1.3,Bình thường,0,-2.2,3.5,5,6.5,8.76,2013,108.7829971,15.13300037,,,,,,,,,,
River,71540,Trà Khúc,Trà Khúc,Quảng Ngãi,2025-11-13 6:00,1.25,Bình thường,0,-2.25,3.5,5,6.5,8.76,2013,108.7829971,15.13300037,,,,,,,,,,
River,71540,Trà Khúc,Trà Khúc,Quảng Ngãi,2025-11-13 8:00,1.14,Bình thường,0,-2.36,3.5,5,6.5,8.76,2013,108.7829971,15.13300037,,,,,,,,,,
River,71540,Trà Khúc,Trà Khúc,Quảng Ngãi,2025-11-13 9:00,1.12,Bình thường,0,-2.38,3.5,5,6.5,8.76,2013,108.7829971,15.13300037,,,,,,,,,,
River,71540,Trà Khúc,Trà Khúc,Quảng Ngãi,2025-11-13 10:00,1.1,Bình thường,0,-2.4,3.5,5,6.5,8.76,2013,108.7829971,15.13300037,,,,,,,,,,
River,71540,Trà Khúc,Trà Khúc,Quảng Ngãi,2025-11-13 11:00,1.1,Bình thường,0,-2.4,3.5,5,6.5,8.76,2013,108.7829971,15.13300037,,,,,,,,,,
River,71540,Trà Khúc,Trà Khúc,Quảng Ngãi,2025-11-13 12:00,1.08,Bình thường,0,-2.42,3.5,5,6.5,8.76,2013,108.7829971,15.13300037,,,,,,,,,,
River,71540,Trà Khúc,Trà Khúc,Quảng Ngãi,2025-11-13 13:00,1.08,Bình thường,0,-2.42,3.5,5,6.5,8.76,2013,108.7829971,15.13300037,,,,,,,,,,
River,71540,Trà Khúc,Trà Khúc,Quảng Ngãi,2025-11-13 14:00,1.05,Bình thường,0,-2.45,3.5,5,6.5,8.76,2013,108.7829971,15.13300037,,,,,,,,,,
River,71540,Trà Khúc,Trà Khúc,Quảng Ngãi,2025-11-13 15:00,1.06,Bình thường,0,-2.44,3.5,5,6.5,8.76,2013,108.7829971,15.13300037,,,,,,,,,,
River,71540,Trà Khúc,Trà Khúc,Quảng Ngãi,2025-11-13 16:00,1.07,Bình thường,0,-2.43,3.5,5,6.5,8.76,2013,108.7829971,15.13300037,,,,,,,,,,
River,71540,Trà Khúc,Trà Khúc,Quảng Ngãi,2025-11-13 17:00,1.09,Bình thường,0,-2.41,3.5,5,6.5,8.76,2013,108.7829971,15.13300037,,,,,,,,,,
River,71540,Trà Khúc,Trà Khúc,Quảng Ngãi,2025-11-13 18:00,1.13,Bình thường,0,-2.37,3.5,5,6.5,8.76,2013,108.7829971,15.13300037,,,,,,,,,,
River,71540,Trà Khúc,Trà Khúc,Quảng Ngãi,2025-11-13 19:00,1.16,Bình thường,0,-2.34,3.5,5,6.5,8.76,2013,108.7829971,15.13300037,,,,,,,,,,
River,71540,Trà Khúc,Trà Khúc,Quảng Ngãi,2025-11-13 20:00,1.17,Bình thường,0,-2.33,3.5,5,6.5,8.76,2013,108.7829971,15.13300037,,,,,,,,,,
River,71540,Trà Khúc,Trà Khúc,Quảng Ngãi,2025-11-13 21:00,1.18,Bình thường,0,-2.32,3.5,5,6.5,8.76,2013,108.7829971,15.13300037,,,,,,,,,,
River,71540,Trà Khúc,Trà Khúc,Quảng Ngãi,2025-11-13 22:00,1.18,Bình thường,0,-2.32,3.5,5,6.5,8.76,2013,108.7829971,15.13300037,,,,,,,,,,
River,71540,Trà Khúc,Trà Khúc,Quảng Ngãi,2025-11-14 0:00,1.15,Bình thường,0,-2.35,3.5,5,6.5,8.76,2013,108.7829971,15.13300037,,,,,,,,,,
River,71540,Trà Khúc,Trà Khúc,Quảng Ngãi,2025-11-14 1:00,1.14,Bình thường,0,-2.36,3.5,5,6.5,8.76,2013,108.7829971,15.13300037,,,,,,,,,,
River,71540,Trà Khúc,Trà Khúc,Quảng Ngãi,2025-11-14 2:00,1.13,Bình thường,0,-2.37,3.5,5,6.5,8.76,2013,108.7829971,15.13300037,,,,,,,,,,
River,71540,Trà Khúc,Trà Khúc,Quảng Ngãi,2025-11-14 3:00,1.15,Bình thường,0,-2.35,3.5,5,6.5,8.76,2013,108.7829971,15.13300037,,,,,,,,,,
River,71540,Trà Khúc,Trà Khúc,Quảng Ngãi,2025-11-14 4:00,1.18,Bình thường,0,-2.32,3.5,5,6.5,8.76,2013,108.7829971,15.13300037,,,,,,,,,,
River,71540,Trà Khúc,Trà Khúc,Quảng Ngãi,2025-11-14 5:00,1.16,Bình thường,0,-2.34,3.5,5,6.5,8.76,2013,108.7829971,15.13300037,,,,,,,,,,
River,71540,Trà Khúc,Trà Khúc,Quảng Ngãi,2025-11-14 6:00,1.16,Bình thường,0,-2.34,3.5,5,6.5,8.76,2013,108.7829971,15.13300037,,,,,,,,,,
River,71540,Trà Khúc,Trà Khúc,Quảng Ngãi,2025-11-14 7:00,1.14,Bình thường,0,-2.36,3.5,5,6.5,8.76,2013,108.7829971,15.13300037,,,,,,,,,,
River,71540,Trà Khúc,Trà Khúc,Quảng Ngãi,2025-11-14 8:00,1.11,Bình thường,0,-2.39,3.5,5,6.5,8.76,2013,108.7829971,15.13300037,,,,,,,,,,
River,71540,Trà Khúc,Trà Khúc,Quảng Ngãi,2025-11-14 9:00,1.07,Bình thường,0,-2.43,3.5,5,6.5,8.76,2013,108.7829971,15.13300037,,,,,,,,,,
River,71540,Trà Khúc,Trà Khúc,Quảng Ngãi,2025-11-14 10:00,1.06,Bình thường,0,-2.44,3.5,5,6.5,8.76,2013,108.7829971,15.13300037,,,,,,,,,,
River,71540,Trà Khúc,Trà Khúc,Quảng Ngãi,2025-11-14 11:00,1.01,Bình thường,0,-2.49,3.5,5,6.5,8.76,2013,108.7829971,15.13300037,,,,,,,,,,
River,71540,Trà Khúc,Trà Khúc,Quảng Ngãi,2025-11-14 12:00,1.01,Bình thường,0,-2.49,3.5,5,6.5,8.76,2013,108.7829971,15.13300037,,,,,,,,,,
River,71540,Trà Khúc,Trà Khúc,Quảng Ngãi,2025-11-14 13:00,0.98,Bình thường,0,-2.52,3.5,5,6.5,8.76,2013,108.7829971,15.13300037,,,,,,,,,,
River,71540,Trà Khúc,Trà Khúc,Quảng Ngãi,2025-11-15 0:00,1.07,Bình thường,0,-2.43,3.5,5,6.5,8.76,2013,108.7829971,15.13300037,,,,,,,,,,
River,71540,Trà Khúc,Trà Khúc,Quảng Ngãi,2025-11-15 1:00,1.05,Bình thường,0,-2.45,3.5,5,6.5,8.76,2013,108.7829971,15.13300037,,,,,,,,,,
River,71540,Trà Khúc,Trà Khúc,Quảng Ngãi,2025-11-15 2:00,1.04,Bình thường,0,-2.46,3.5,5,6.5,8.76,2013,108.7829971,15.13300037,,,,,,,,,,
River,71540,Trà Khúc,Trà Khúc,Quảng Ngãi,2025-11-15 3:00,1.05,Bình thường,0,-2.45,3.5,5,6.5,8.76,2013,108.7829971,15.13300037,,,,,,,,,,
River,71540,Trà Khúc,Trà Khúc,Quảng Ngãi,2025-11-15 4:00,1.06,Bình thường,0,-2.44,3.5,5,6.5,8.76,2013,108.7829971,15.13300037,,,,,,,,,,
River,71540,Trà Khúc,Trà Khúc,Quảng Ngãi,2025-11-15 5:00,1.09,Bình thường,0,-2.41,3.5,5,6.5,8.76,2013,108.7829971,15.13300037,,,,,,,,,,
River,71540,Trà Khúc,Trà Khúc,Quảng Ngãi,2025-11-15 6:00,1.11,Bình thường,0,-2.39,3.5,5,6.5,8.76,2013,108.7829971,15.13300037,,,,,,,,,,
River,71540,Trà Khúc,Trà Khúc,Quảng Ngãi,2025-11-15 7:00,1.11,Bình thường,0,-2.39,3.5,5,6.5,8.76,2013,108.7829971,15.13300037,,,,,,,,,,
River,71540,Trà Khúc,Trà Khúc,Quảng Ngãi,2025-11-15 8:00,1.11,Bình thường,0,-2.39,3.5,5,6.5,8.76,2013,108.7829971,15.13300037,,,,,,,,,,
River,71540,Trà Khúc,Trà Khúc,Quảng Ngãi,2025-11-15 9:00,1.09,Bình thường,0,-2.41,3.5,5,6.5,8.76,2013,108.7829971,15.13300037,,,,,,,,,,
River,71540,Trà Khúc,Trà Khúc,Quảng Ngãi,2025-11-15 10:00,1.08,Bình thường,0,-2.42,3.5,5,6.5,8.76,2013,108.7829971,15.13300037,,,,,,,,,,
River,71540,Trà Khúc,Trà Khúc,Quảng Ngãi,2025-11-15 11:00,1.06,Bình thường,0,-2.44,3.5,5,6.5,8.76,2013,108.7829971,15.13300037,,,,,,,,,,
River,71540,Trà Khúc,Trà Khúc,Quảng Ngãi,2025-11-15 12:00,1.03,Bình thường,0,-2.47,3.5,5,6.5,8.76,2013,108.7829971,15.13300037,,,,,,,,,,
River,71533,Hội Khách,Vu Gia - Thu Bồn,TP. Đà Nẵng,2025-11-09 0:00,11.45,Bình thường,0,-3.05,14.5,15.5,16.5,,,107.8249969,15.81700039,,,,,,,,,,
River,71533,Hội Khách,Vu Gia - Thu Bồn,TP. Đà Nẵng,2025-11-09 1:00,11.34,Bình thường,0,-3.16,14.5,15.5,16.5,,,107.8249969,15.81700039,,,,,,,,,,
River,71533,Hội Khách,Vu Gia - Thu Bồn,TP. Đà Nẵng,2025-11-09 2:00,11.22,Bình thường,0,-3.28,14.5,15.5,16.5,,,107.8249969,15.81700039,,,,,,,,,,
River,71533,Hội Khách,Vu Gia - Thu Bồn,TP. Đà Nẵng,2025-11-09 3:00,11.11,Bình thường,0,-3.39,14.5,15.5,16.5,,,107.8249969,15.81700039,,,,,,,,,,
River,71533,Hội Khách,Vu Gia - Thu Bồn,TP. Đà Nẵng,2025-11-09 4:00,11.03,Bình thường,0,-3.47,14.5,15.5,16.5,,,107.8249969,15.81700039,,,,,,,,,,
River,71533,Hội Khách,Vu Gia - Thu Bồn,TP. Đà Nẵng,2025-11-09 5:00,10.98,Bình thường,0,-3.52,14.5,15.5,16.5,,,107.8249969,15.81700039,,,,,,,,,,
River,71533,Hội Khách,Vu Gia - Thu Bồn,TP. Đà Nẵng,2025-11-09 6:00,10.96,Bình thường,0,-3.54,14.5,15.5,16.5,,,107.8249969,15.81700039,,,,,,,,,,
River,71533,Hội Khách,Vu Gia - Thu Bồn,TP. Đà Nẵng,2025-11-09 7:00,10.95,Bình thường,0,-3.55,14.5,15.5,16.5,,,107.8249969,15.81700039,,,,,,,,,,
River,71533,Hội Khách,Vu Gia - Thu Bồn,TP. Đà Nẵng,2025-11-09 8:00,10.94,Bình thường,0,-3.56,14.5,15.5,16.5,,,107.8249969,15.81700039,,,,,,,,,,
River,71533,Hội Khách,Vu Gia - Thu Bồn,TP. Đà Nẵng,2025-11-09 9:00,10.9,Bình thường,0,-3.6,14.5,15.5,16.5,,,107.8249969,15.81700039,,,,,,,,,,
River,71533,Hội Khách,Vu Gia - Thu Bồn,TP. Đà Nẵng,2025-11-09 10:00,10.85,Bình thường,0,-3.65,14.5,15.5,16.5,,,107.8249969,15.81700039,,,,,,,,,,
River,71533,Hội Khách,Vu Gia - Thu Bồn,TP. Đà Nẵng,2025-11-09 11:00,10.78,Bình thường,0,-3.72,14.5,15.5,16.5,,,107.8249969,15.81700039,,,,,,,,,,
River,71533,Hội Khách,Vu Gia - Thu Bồn,TP. Đà Nẵng,2025-11-09 12:00,10.72,Bình thường,0,-3.78,14.5,15.5,16.5,,,107.8249969,15.81700039,,,,,,,,,,
River,71533,Hội Khách,Vu Gia - Thu Bồn,TP. Đà Nẵng,2025-11-09 13:00,10.68,Bình thường,0,-3.82,14.5,15.5,16.5,,,107.8249969,15.81700039,,,,,,,,,,
River,71533,Hội Khách,Vu Gia - Thu Bồn,TP. Đà Nẵng,2025-11-09 14:00,10.66,Bình thường,0,-3.84,14.5,15.5,16.5,,,107.8249969,15.81700039,,,,,,,,,,
River,71533,Hội Khách,Vu Gia - Thu Bồn,TP. Đà Nẵng,2025-11-09 15:00,10.67,Bình thường,0,-3.83,14.5,15.5,16.5,,,107.8249969,15.81700039,,,,,,,,,,
River,71533,Hội Khách,Vu Gia - Thu Bồn,TP. Đà Nẵng,2025-11-09 16:00,10.71,Bình thường,0,-3.79,14.5,15.5,16.5,,,107.8249969,15.81700039,,,,,,,,,,
River,71533,Hội Khách,Vu Gia - Thu Bồn,TP. Đà Nẵng,2025-11-09 17:00,10.77,Bình thường,0,-3.73,14.5,15.5,16.5,,,107.8249969,15.81700039,,,,,,,,,,
River,71533,Hội Khách,Vu Gia - Thu Bồn,TP. Đà Nẵng,2025-11-09 18:00,10.83,Bình thường,0,-3.67,14.5,15.5,16.5,,,107.8249969,15.81700039,,,,,,,,,,
River,71533,Hội Khách,Vu Gia - Thu Bồn,TP. Đà Nẵng,2025-11-09 19:00,10.91,Bình thường,0,-3.59,14.5,15.5,16.5,,,107.8249969,15.81700039,,,,,,,,,,
River,71533,Hội Khách,Vu Gia - Thu Bồn,TP. Đà Nẵng,2025-11-09 20:00,10.97,Bình thường,0,-3.53,14.5,15.5,16.5,,,107.8249969,15.81700039,,,,,,,,,,
River,71533,Hội Khách,Vu Gia - Thu Bồn,TP. Đà Nẵng,2025-11-09 21:00,11.01,Bình thường,0,-3.49,14.5,15.5,16.5,,,107.8249969,15.81700039,,,,,,,,,,
River,71533,Hội Khách,Vu Gia - Thu Bồn,TP. Đà Nẵng,2025-11-09 22:00,11.05,Bình thường,0,-3.45,14.5,15.5,16.5,,,107.8249969,15.81700039,,,,,,,,,,
River,71533,Hội Khách,Vu Gia - Thu Bồn,TP. Đà Nẵng,2025-11-09 23:00,11.06,Bình thường,0,-3.44,14.5,15.5,16.5,,,107.8249969,15.81700039,,,,,,,,,,
River,71533,Hội Khách,Vu Gia - Thu Bồn,TP. Đà Nẵng,2025-11-10 0:00,11.02,Bình thường,0,-3.48,14.5,15.5,16.5,,,107.8249969,15.81700039,,,,,,,,,,
River,71533,Hội Khách,Vu Gia - Thu Bồn,TP. Đà Nẵng,2025-11-10 1:00,10.93,Bình thường,0,-3.57,14.5,15.5,16.5,,,107.8249969,15.81700039,,,,,,,,,,
River,71533,Hội Khách,Vu Gia - Thu Bồn,TP. Đà Nẵng,2025-11-10 2:00,10.85,Bình thường,0,-3.65,14.5,15.5,16.5,,,107.8249969,15.81700039,,,,,,,,,,
River,71533,Hội Khách,Vu Gia - Thu Bồn,TP. Đà Nẵng,2025-11-10 3:00,10.79,Bình thường,0,-3.71,14.5,15.5,16.5,,,107.8249969,15.81700039,,,,,,,,,,
River,71533,Hội Khách,Vu Gia - Thu Bồn,TP. Đà Nẵng,2025-11-10 4:00,10.8,Bình thường,0,-3.7,14.5,15.5,16.5,,,107.8249969,15.81700039,,,,,,,,,,
River,71533,Hội Khách,Vu Gia - Thu Bồn,TP. Đà Nẵng,2025-11-10 5:00,10.8,Bình thường,0,-3.7,14.5,15.5,16.5,,,107.8249969,15.81700039,,,,,,,,,,
River,71533,Hội Khách,Vu Gia - Thu Bồn,TP. Đà Nẵng,2025-11-10 6:00,10.79,Bình thường,0,-3.71,14.5,15.5,16.5,,,107.8249969,15.81700039,,,,,,,,,,
River,71533,Hội Khách,Vu Gia - Thu Bồn,TP. Đà Nẵng,2025-11-10 7:00,10.76,Bình thường,0,-3.74,14.5,15.5,16.5,,,107.8249969,15.81700039,,,,,,,,,,
River,71533,Hội Khách,Vu Gia - Thu Bồn,TP. Đà Nẵng,2025-11-10 8:00,10.72,Bình thường,0,-3.78,14.5,15.5,16.5,,,107.8249969,15.81700039,,,,,,,,,,
River,71533,Hội Khách,Vu Gia - Thu Bồn,TP. Đà Nẵng,2025-11-10 9:00,10.72,Bình thường,0,-3.78,14.5,15.5,16.5,,,107.8249969,15.81700039,,,,,,,,,,
River,71533,Hội Khách,Vu Gia - Thu Bồn,TP. Đà Nẵng,2025-11-10 10:00,10.84,Bình thường,0,-3.66,14.5,15.5,16.5,,,107.8249969,15.81700039,,,,,,,,,,
River,71533,Hội Khách,Vu Gia - Thu Bồn,TP. Đà Nẵng,2025-11-10 11:00,10.96,Bình thường,0,-3.54,14.5,15.5,16.5,,,107.8249969,15.81700039,,,,,,,,,,
River,71533,Hội Khách,Vu Gia - Thu Bồn,TP. Đà Nẵng,2025-11-10 12:00,10.94,Bình thường,0,-3.56,14.5,15.5,16.5,,,107.8249969,15.81700039,,,,,,,,,,
River,71533,Hội Khách,Vu Gia - Thu Bồn,TP. Đà Nẵng,2025-11-10 13:00,10.96,Bình thường,0,-3.54,14.5,15.5,16.5,,,107.8249969,15.81700039,,,,,,,,,,
River,71533,Hội Khách,Vu Gia - Thu Bồn,TP. Đà Nẵng,2025-11-10 14:00,10.95,Bình thường,0,-3.55,14.5,15.5,16.5,,,107.8249969,15.81700039,,,,,,,,,,
River,71533,Hội Khách,Vu Gia - Thu Bồn,TP. Đà Nẵng,2025-11-10 15:00,10.9,Bình thường,0,-3.6,14.5,15.5,16.5,,,107.8249969,15.81700039,,,,,,,,,,
River,71533,Hội Khách,Vu Gia - Thu Bồn,TP. Đà Nẵng,2025-11-10 16:00,10.85,Bình thường,0,-3.65,14.5,15.5,16.5,,,107.8249969,15.81700039,,,,,,,,,,
River,71533,Hội Khách,Vu Gia - Thu Bồn,TP. Đà Nẵng,2025-11-10 17:00,10.83,Bình thường,0,-3.67,14.5,15.5,16.5,,,107.8249969,15.81700039,,,,,,,,,,
River,71533,Hội Khách,Vu Gia - Thu Bồn,TP. Đà Nẵng,2025-11-10 18:00,10.81,Bình thường,0,-3.69,14.5,15.5,16.5,,,107.8249969,15.81700039,,,,,,,,,,
River,71533,Hội Khách,Vu Gia - Thu Bồn,TP. Đà Nẵng,2025-11-10 19:00,10.81,Bình thường,0,-3.69,14.5,15.5,16.5,,,107.8249969,15.81700039,,,,,,,,,,
River,71533,Hội Khách,Vu Gia - Thu Bồn,TP. Đà Nẵng,2025-11-10 20:00,10.82,Bình thường,0,-3.68,14.5,15.5,16.5,,,107.8249969,15.81700039,,,,,,,,,,
River,71533,Hội Khách,Vu Gia - Thu Bồn,TP. Đà Nẵng,2025-11-10 21:00,10.83,Bình thường,0,-3.67,14.5,15.5,16.5,,,107.8249969,15.81700039,,,,,,,,,,
River,71533,Hội Khách,Vu Gia - Thu Bồn,TP. Đà Nẵng,2025-11-10 22:00,10.83,Bình thường,0,-3.67,14.5,15.5,16.5,,,107.8249969,15.81700039,,,,,,,,,,
River,71533,Hội Khách,Vu Gia - Thu Bồn,TP. Đà Nẵng,2025-11-10 23:00,10.79,Bình thường,0,-3.71,14.5,15.5,16.5,,,107.8249969,15.81700039,,,,,,,,,,
River,71533,Hội Khách,Vu Gia - Thu Bồn,TP. Đà Nẵng,2025-11-11 0:00,10.73,Bình thường,0,-3.77,14.5,15.5,16.5,,,107.8249969,15.81700039,,,,,,,,,,
River,71533,Hội Khách,Vu Gia - Thu Bồn,TP. Đà Nẵng,2025-11-11 1:00,10.68,Bình thường,0,-3.82,14.5,15.5,16.5,,,107.8249969,15.81700039,,,,,,,,,,
River,71533,Hội Khách,Vu Gia - Thu Bồn,TP. Đà Nẵng,2025-11-11 2:00,10.62,Bình thường,0,-3.88,14.5,15.5,16.5,,,107.8249969,15.81700039,,,,,,,,,,
River,71533,Hội Khách,Vu Gia - Thu Bồn,TP. Đà Nẵng,2025-11-11 3:00,10.56,Bình thường,0,-3.94,14.5,15.5,16.5,,,107.8249969,15.81700039,,,,,,,,,,
River,71533,Hội Khách,Vu Gia - Thu Bồn,TP. Đà Nẵng,2025-11-11 4:00,10.52,Bình thường,0,-3.98,14.5,15.5,16.5,,,107.8249969,15.81700039,,,,,,,,,,
River,71533,Hội Khách,Vu Gia - Thu Bồn,TP. Đà Nẵng,2025-11-11 5:00,10.51,Bình thường,0,-3.99,14.5,15.5,16.5,,,107.8249969,15.81700039,,,,,,,,,,
River,71533,Hội Khách,Vu Gia - Thu Bồn,TP. Đà Nẵng,2025-11-11 6:00,10.52,Bình thường,0,-3.98,14.5,15.5,16.5,,,107.8249969,15.81700039,,,,,,,,,,
River,71533,Hội Khách,Vu Gia - Thu Bồn,TP. Đà Nẵng,2025-11-11 7:00,10.54,Bình thường,0,-3.96,14.5,15.5,16.5,,,107.8249969,15.81700039,,,,,,,,,,
River,71533,Hội Khách,Vu Gia - Thu Bồn,TP. Đà Nẵng,2025-11-11 8:00,10.57,Bình thường,0,-3.93,14.5,15.5,16.5,,,107.8249969,15.81700039,,,,,,,,,,
River,71533,Hội Khách,Vu Gia - Thu Bồn,TP. Đà Nẵng,2025-11-11 9:00,10.6,Bình thường,0,-3.9,14.5,15.5,16.5,,,107.8249969,15.81700039,,,,,,,,,,
River,71533,Hội Khách,Vu Gia - Thu Bồn,TP. Đà Nẵng,2025-11-11 10:00,10.63,Bình thường,0,-3.87,14.5,15.5,16.5,,,107.8249969,15.81700039,,,,,,,,,,
River,71533,Hội Khách,Vu Gia - Thu Bồn,TP. Đà Nẵng,2025-11-11 11:00,10.63,Bình thường,0,-3.87,14.5,15.5,16.5,,,107.8249969,15.81700039,,,,,,,,,,
River,71533,Hội Khách,Vu Gia - Thu Bồn,TP. Đà Nẵng,2025-11-11 12:00,10.62,Bình thường,0,-3.88,14.5,15.5,16.5,,,107.8249969,15.81700039,,,,,,,,,,
River,71533,Hội Khách,Vu Gia - Thu Bồn,TP. Đà Nẵng,2025-11-11 13:00,10.6,Bình thường,0,-3.9,14.5,15.5,16.5,,,107.8249969,15.81700039,,,,,,,,,,
River,71533,Hội Khách,Vu Gia - Thu Bồn,TP. Đà Nẵng,2025-11-11 14:00,10.59,Bình thường,0,-3.91,14.5,15.5,16.5,,,107.8249969,15.81700039,,,,,,,,,,
River,71533,Hội Khách,Vu Gia - Thu Bồn,TP. Đà Nẵng,2025-11-11 15:00,10.59,Bình thường,0,-3.91,14.5,15.5,16.5,,,107.8249969,15.81700039,,,,,,,,,,
River,71533,Hội Khách,Vu Gia - Thu Bồn,TP. Đà Nẵng,2025-11-11 16:00,10.59,Bình thường,0,-3.91,14.5,15.5,16.5,,,107.8249969,15.81700039,,,,,,,,,,
River,71533,Hội Khách,Vu Gia - Thu Bồn,TP. Đà Nẵng,2025-11-11 17:00,10.58,Bình thường,0,-3.92,14.5,15.5,16.5,,,107.8249969,15.81700039,,,,,,,,,,
River,71533,Hội Khách,Vu Gia - Thu Bồn,TP. Đà Nẵng,2025-11-11 18:00,10.59,Bình thường,0,-3.91,14.5,15.5,16.5,,,107.8249969,15.81700039,,,,,,,,,,
River,71533,Hội Khách,Vu Gia - Thu Bồn,TP. Đà Nẵng,2025-11-11 19:00,10.59,Bình thường,0,-3.91,14.5,15.5,16.5,,,107.8249969,15.81700039,,,,,,,,,,
River,71533,Hội Khách,Vu Gia - Thu Bồn,TP. Đà Nẵng,2025-11-11 20:00,10.58,Bình thường,0,-3.92,14.5,15.5,16.5,,,107.8249969,15.81700039,,,,,,,,,,
River,71533,Hội Khách,Vu Gia - Thu Bồn,TP. Đà Nẵng,2025-11-11 21:00,10.58,Bình thường,0,-3.92,14.5,15.5,16.5,,,107.8249969,15.81700039,,,,,,,,,,
River,71533,Hội Khách,Vu Gia - Thu Bồn,TP. Đà Nẵng,2025-11-11 22:00,10.58,Bình thường,0,-3.92,14.5,15.5,16.5,,,107.8249969,15.81700039,,,,,,,,,,
River,71533,Hội Khách,Vu Gia - Thu Bồn,TP. Đà Nẵng,2025-11-11 23:00,10.57,Bình thường,0,-3.93,14.5,15.5,16.5,,,107.8249969,15.81700039,,,,,,,,,,
River,71533,Hội Khách,Vu Gia - Thu Bồn,TP. Đà Nẵng,2025-11-12 0:00,10.54,Bình thường,0,-3.96,14.5,15.5,16.5,,,107.8249969,15.81700039,,,,,,,,,,
River,71533,Hội Khách,Vu Gia - Thu Bồn,TP. Đà Nẵng,2025-11-12 1:00,10.5,Bình thường,0,-4,14.5,15.5,16.5,,,107.8249969,15.81700039,,,,,,,,,,
River,71533,Hội Khách,Vu Gia - Thu Bồn,TP. Đà Nẵng,2025-11-12 2:00,10.45,Bình thường,0,-4.05,14.5,15.5,16.5,,,107.8249969,15.81700039,,,,,,,,,,
River,71533,Hội Khách,Vu Gia - Thu Bồn,TP. Đà Nẵng,2025-11-12 3:00,10.42,Bình thường,0,-4.08,14.5,15.5,16.5,,,107.8249969,15.81700039,,,,,,,,,,
River,71533,Hội Khách,Vu Gia - Thu Bồn,TP. Đà Nẵng,2025-11-12 4:00,10.39,Bình thường,0,-4.11,14.5,15.5,16.5,,,107.8249969,15.81700039,,,,,,,,,,
River,71533,Hội Khách,Vu Gia - Thu Bồn,TP. Đà Nẵng,2025-11-12 5:00,10.37,Bình thường,0,-4.13,14.5,15.5,16.5,,,107.8249969,15.81700039,,,,,,,,,,
River,71533,Hội Khách,Vu Gia - Thu Bồn,TP. Đà Nẵng,2025-11-12 6:00,10.35,Bình thường,0,-4.15,14.5,15.5,16.5,,,107.8249969,15.81700039,,,,,,,,,,
River,71533,Hội Khách,Vu Gia - Thu Bồn,TP. Đà Nẵng,2025-11-12 7:00,10.35,Bình thường,0,-4.15,14.5,15.5,16.5,,,107.8249969,15.81700039,,,,,,,,,,
River,71533,Hội Khách,Vu Gia - Thu Bồn,TP. Đà Nẵng,2025-11-12 8:00,10.34,Bình thường,0,-4.16,14.5,15.5,16.5,,,107.8249969,15.81700039,,,,,,,,,,
River,71533,Hội Khách,Vu Gia - Thu Bồn,TP. Đà Nẵng,2025-11-12 9:00,10.36,Bình thường,0,-4.14,14.5,15.5,16.5,,,107.8249969,15.81700039,,,,,,,,,,
River,71533,Hội Khách,Vu Gia - Thu Bồn,TP. Đà Nẵng,2025-11-12 10:00,10.39,Bình thường,0,-4.11,14.5,15.5,16.5,,,107.8249969,15.81700039,,,,,,,,,,
River,71533,Hội Khách,Vu Gia - Thu Bồn,TP. Đà Nẵng,2025-11-12 11:00,10.4,Bình thường,0,-4.1,14.5,15.5,16.5,,,107.8249969,15.81700039,,,,,,,,,,
River,71533,Hội Khách,Vu Gia - Thu Bồn,TP. Đà Nẵng,2025-11-12 12:00,10.39,Bình thường,0,-4.11,14.5,15.5,16.5,,,107.8249969,15.81700039,,,,,,,,,,
River,71533,Hội Khách,Vu Gia - Thu Bồn,TP. Đà Nẵng,2025-11-12 13:00,10.36,Bình thường,0,-4.14,14.5,15.5,16.5,,,107.8249969,15.81700039,,,,,,,,,,
River,71533,Hội Khách,Vu Gia - Thu Bồn,TP. Đà Nẵng,2025-11-12 14:00,10.33,Bình thường,0,-4.17,14.5,15.5,16.5,,,107.8249969,15.81700039,,,,,,,,,,
River,71533,Hội Khách,Vu Gia - Thu Bồn,TP. Đà Nẵng,2025-11-12 15:00,10.31,Bình thường,0,-4.19,14.5,15.5,16.5,,,107.8249969,15.81700039,,,,,,,,,,
River,71533,Hội Khách,Vu Gia - Thu Bồn,TP. Đà Nẵng,2025-11-12 16:00,10.28,Bình thường,0,-4.22,14.5,15.5,16.5,,,107.8249969,15.81700039,,,,,,,,,,
River,71533,Hội Khách,Vu Gia - Thu Bồn,TP. Đà Nẵng,2025-11-12 17:00,10.25,Bình thường,0,-4.25,14.5,15.5,16.5,,,107.8249969,15.81700039,,,,,,,,,,
River,71533,Hội Khách,Vu Gia - Thu Bồn,TP. Đà Nẵng,2025-11-12 18:00,10.26,Bình thường,0,-4.24,14.5,15.5,16.5,,,107.8249969,15.81700039,,,,,,,,,,
River,71533,Hội Khách,Vu Gia - Thu Bồn,TP. Đà Nẵng,2025-11-12 19:00,10.28,Bình thường,0,-4.22,14.5,15.5,16.5,,,107.8249969,15.81700039,,,,,,,,,,
River,71533,Hội Khách,Vu Gia - Thu Bồn,TP. Đà Nẵng,2025-11-12 20:00,10.29,Bình thường,0,-4.21,14.5,15.5,16.5,,,107.8249969,15.81700039,,,,,,,,,,
River,71533,Hội Khách,Vu Gia - Thu Bồn,TP. Đà Nẵng,2025-11-12 21:00,10.29,Bình thường,0,-4.21,14.5,15.5,16.5,,,107.8249969,15.81700039,,,,,,,,,,
River,71533,Hội Khách,Vu Gia - Thu Bồn,TP. Đà Nẵng,2025-11-12 22:00,10.29,Bình thường,0,-4.21,14.5,15.5,16.5,,,107.8249969,15.81700039,,,,,,,,,,
River,71533,Hội Khách,Vu Gia - Thu Bồn,TP. Đà Nẵng,2025-11-12 23:00,10.27,Bình thường,0,-4.23,14.5,15.5,16.5,,,107.8249969,15.81700039,,,,,,,,,,
River,71533,Hội Khách,Vu Gia - Thu Bồn,TP. Đà Nẵng,2025-11-13 1:00,10.3,Bình thường,0,-4.2,14.5,15.5,16.5,,,107.8249969,15.81700039,,,,,,,,,,
River,71533,Hội Khách,Vu Gia - Thu Bồn,TP. Đà Nẵng,2025-11-13 2:00,10.31,Bình thường,0,-4.19,14.5,15.5,16.5,,,107.8249969,15.81700039,,,,,,,,,,
River,71533,Hội Khách,Vu Gia - Thu Bồn,TP. Đà Nẵng,2025-11-13 3:00,10.33,Bình thường,0,-4.17,14.5,15.5,16.5,,,107.8249969,15.81700039,,,,,,,,,,
River,71533,Hội Khách,Vu Gia - Thu Bồn,TP. Đà Nẵng,2025-11-13 4:00,10.34,Bình thường,0,-4.16,14.5,15.5,16.5,,,107.8249969,15.81700039,,,,,,,,,,
River,71533,Hội Khách,Vu Gia - Thu Bồn,TP. Đà Nẵng,2025-11-13 5:00,10.35,Bình thường,0,-4.15,14.5,15.5,16.5,,,107.8249969,15.81700039,,,,,,,,,,
River,71533,Hội Khách,Vu Gia - Thu Bồn,TP. Đà Nẵng,2025-11-13 6:00,10.36,Bình thường,0,-4.14,14.5,15.5,16.5,,,107.8249969,15.81700039,,,,,,,,,,
River,71533,Hội Khách,Vu Gia - Thu Bồn,TP. Đà Nẵng,2025-11-13 7:00,10.37,Bình thường,0,-4.13,14.5,15.5,16.5,,,107.8249969,15.81700039,,,,,,,,,,
River,71533,Hội Khách,Vu Gia - Thu Bồn,TP. Đà Nẵng,2025-11-13 8:00,10.38,Bình thường,0,-4.12,14.5,15.5,16.5,,,107.8249969,15.81700039,,,,,,,,,,
River,71533,Hội Khách,Vu Gia - Thu Bồn,TP. Đà Nẵng,2025-11-13 9:00,10.39,Bình thường,0,-4.11,14.5,15.5,16.5,,,107.8249969,15.81700039,,,,,,,,,,
River,71533,Hội Khách,Vu Gia - Thu Bồn,TP. Đà Nẵng,2025-11-13 10:00,10.4,Bình thường,0,-4.1,14.5,15.5,16.5,,,107.8249969,15.81700039,,,,,,,,,,
River,71533,Hội Khách,Vu Gia - Thu Bồn,TP. Đà Nẵng,2025-11-13 11:00,10.43,Bình thường,0,-4.07,14.5,15.5,16.5,,,107.8249969,15.81700039,,,,,,,,,,
River,71533,Hội Khách,Vu Gia - Thu Bồn,TP. Đà Nẵng,2025-11-13 12:00,10.47,Bình thường,0,-4.03,14.5,15.5,16.5,,,107.8249969,15.81700039,,,,,,,,,,
River,71533,Hội Khách,Vu Gia - Thu Bồn,TP. Đà Nẵng,2025-11-13 13:00,10.45,Bình thường,0,-4.05,14.5,15.5,16.5,,,107.8249969,15.81700039,,,,,,,,,,
River,71533,Hội Khách,Vu Gia - Thu Bồn,TP. Đà Nẵng,2025-11-13 14:00,10.4,Bình thường,0,-4.1,14.5,15.5,16.5,,,107.8249969,15.81700039,,,,,,,,,,
River,71533,Hội Khách,Vu Gia - Thu Bồn,TP. Đà Nẵng,2025-11-13 15:00,10.4,Bình thường,0,-4.1,14.5,15.5,16.5,,,107.8249969,15.81700039,,,,,,,,,,
River,71533,Hội Khách,Vu Gia - Thu Bồn,TP. Đà Nẵng,2025-11-13 16:00,10.44,Bình thường,0,-4.06,14.5,15.5,16.5,,,107.8249969,15.81700039,,,,,,,,,,
River,71533,Hội Khách,Vu Gia - Thu Bồn,TP. Đà Nẵng,2025-11-13 17:00,10.45,Bình thường,0,-4.05,14.5,15.5,16.5,,,107.8249969,15.81700039,,,,,,,,,,
River,71533,Hội Khách,Vu Gia - Thu Bồn,TP. Đà Nẵng,2025-11-13 18:00,10.43,Bình thường,0,-4.07,14.5,15.5,16.5,,,107.8249969,15.81700039,,,,,,,,,,
River,71533,Hội Khách,Vu Gia - Thu Bồn,TP. Đà Nẵng,2025-11-13 19:00,10.42,Bình thường,0,-4.08,14.5,15.5,16.5,,,107.8249969,15.81700039,,,,,,,,,,
River,71533,Hội Khách,Vu Gia - Thu Bồn,TP. Đà Nẵng,2025-11-13 20:00,10.42,Bình thường,0,-4.08,14.5,15.5,16.5,,,107.8249969,15.81700039,,,,,,,,,,
River,71533,Hội Khách,Vu Gia - Thu Bồn,TP. Đà Nẵng,2025-11-13 21:00,10.43,Bình thường,0,-4.07,14.5,15.5,16.5,,,107.8249969,15.81700039,,,,,,,,,,
River,71533,Hội Khách,Vu Gia - Thu Bồn,TP. Đà Nẵng,2025-11-13 22:00,10.43,Bình thường,0,-4.07,14.5,15.5,16.5,,,107.8249969,15.81700039,,,,,,,,,,
River,71533,Hội Khách,Vu Gia - Thu Bồn,TP. Đà Nẵng,2025-11-14 0:00,10.35,Bình thường,0,-4.15,14.5,15.5,16.5,,,107.8249969,15.81700039,,,,,,,,,,
River,71533,Hội Khách,Vu Gia - Thu Bồn,TP. Đà Nẵng,2025-11-14 1:00,10.29,Bình thường,0,-4.21,14.5,15.5,16.5,,,107.8249969,15.81700039,,,,,,,,,,
River,71533,Hội Khách,Vu Gia - Thu Bồn,TP. Đà Nẵng,2025-11-14 2:00,10.25,Bình thường,0,-4.25,14.5,15.5,16.5,,,107.8249969,15.81700039,,,,,,,,,,
River,71533,Hội Khách,Vu Gia - Thu Bồn,TP. Đà Nẵng,2025-11-14 3:00,10.25,Bình thường,0,-4.25,14.5,15.5,16.5,,,107.8249969,15.81700039,,,,,,,,,,
River,71533,Hội Khách,Vu Gia - Thu Bồn,TP. Đà Nẵng,2025-11-14 4:00,10.36,Bình thường,0,-4.14,14.5,15.5,16.5,,,107.8249969,15.81700039,,,,,,,,,,
River,71533,Hội Khách,Vu Gia - Thu Bồn,TP. Đà Nẵng,2025-11-14 5:00,10.46,Bình thường,0,-4.04,14.5,15.5,16.5,,,107.8249969,15.81700039,,,,,,,,,,
River,71533,Hội Khách,Vu Gia - Thu Bồn,TP. Đà Nẵng,2025-11-14 6:00,10.49,Bình thường,0,-4.01,14.5,15.5,16.5,,,107.8249969,15.81700039,,,,,,,,,,
River,71533,Hội Khách,Vu Gia - Thu Bồn,TP. Đà Nẵng,2025-11-14 7:00,10.49,Bình thường,0,-4.01,14.5,15.5,16.5,,,107.8249969,15.81700039,,,,,,,,,,
River,71533,Hội Khách,Vu Gia - Thu Bồn,TP. Đà Nẵng,2025-11-14 8:00,10.48,Bình thường,0,-4.02,14.5,15.5,16.5,,,107.8249969,15.81700039,,,,,,,,,,
River,71533,Hội Khách,Vu Gia - Thu Bồn,TP. Đà Nẵng,2025-11-14 9:00,10.52,Bình thường,0,-3.98,14.5,15.5,16.5,,,107.8249969,15.81700039,,,,,,,,,,
River,71533,Hội Khách,Vu Gia - Thu Bồn,TP. Đà Nẵng,2025-11-14 10:00,10.64,Bình thường,0,-3.86,14.5,15.5,16.5,,,107.8249969,15.81700039,,,,,,,,,,
River,71533,Hội Khách,Vu Gia - Thu Bồn,TP. Đà Nẵng,2025-11-14 11:00,10.75,Bình thường,0,-3.75,14.5,15.5,16.5,,,107.8249969,15.81700039,,,,,,,,,,
River,71533,Hội Khách,Vu Gia - Thu Bồn,TP. Đà Nẵng,2025-11-14 12:00,10.82,Bình thường,0,-3.68,14.5,15.5,16.5,,,107.8249969,15.81700039,,,,,,,,,,
River,71533,Hội Khách,Vu Gia - Thu Bồn,TP. Đà Nẵng,2025-11-14 13:00,10.87,Bình thường,0,-3.63,14.5,15.5,16.5,,,107.8249969,15.81700039,,,,,,,,,,
River,71533,Hội Khách,Vu Gia - Thu Bồn,TP. Đà Nẵng,2025-11-15 0:00,11.04,Bình thường,0,-3.46,14.5,15.5,16.5,,,107.8249969,15.81700039,,,,,,,,,,
River,71533,Hội Khách,Vu Gia - Thu Bồn,TP. Đà Nẵng,2025-11-15 1:00,11.01,Bình thường,0,-3.49,14.5,15.5,16.5,,,107.8249969,15.81700039,,,,,,,,,,
River,71533,Hội Khách,Vu Gia - Thu Bồn,TP. Đà Nẵng,2025-11-15 2:00,11.06,Bình thường,0,-3.44,14.5,15.5,16.5,,,107.8249969,15.81700039,,,,,,,,,,
River,71533,Hội Khách,Vu Gia - Thu Bồn,TP. Đà Nẵng,2025-11-15 3:00,11.11,Bình thường,0,-3.39,14.5,15.5,16.5,,,107.8249969,15.81700039,,,,,,,,,,
River,71533,Hội Khách,Vu Gia - Thu Bồn,TP. Đà Nẵng,2025-11-15 4:00,11.18,Bình thường,0,-3.32,14.5,15.5,16.5,,,107.8249969,15.81700039,,,,,,,,,,
River,71533,Hội Khách,Vu Gia - Thu Bồn,TP. Đà Nẵng,2025-11-15 5:00,11.26,Bình thường,0,-3.24,14.5,15.5,16.5,,,107.8249969,15.81700039,,,,,,,,,,
River,71533,Hội Khách,Vu Gia - Thu Bồn,TP. Đà Nẵng,2025-11-15 6:00,11.28,Bình thường,0,-3.22,14.5,15.5,16.5,,,107.8249969,15.81700039,,,,,,,,,,
River,71533,Hội Khách,Vu Gia - Thu Bồn,TP. Đà Nẵng,2025-11-15 7:00,11.26,Bình thường,0,-3.24,14.5,15.5,16.5,,,107.8249969,15.81700039,,,,,,,,,,
River,71533,Hội Khách,Vu Gia - Thu Bồn,TP. Đà Nẵng,2025-11-15 8:00,11.19,Bình thường,0,-3.31,14.5,15.5,16.5,,,107.8249969,15.81700039,,,,,,,,,,
River,71533,Hội Khách,Vu Gia - Thu Bồn,TP. Đà Nẵng,2025-11-15 9:00,11.12,Bình thường,0,-3.38,14.5,15.5,16.5,,,107.8249969,15.81700039,,,,,,,,,,
River,71533,Hội Khách,Vu Gia - Thu Bồn,TP. Đà Nẵng,2025-11-15 10:00,11.08,Bình thường,0,-3.42,14.5,15.5,16.5,,,107.8249969,15.81700039,,,,,,,,,,
River,71533,Hội Khách,Vu Gia - Thu Bồn,TP. Đà Nẵng,2025-11-15 11:00,11.04,Bình thường,0,-3.46,14.5,15.5,16.5,,,107.8249969,15.81700039,,,,,,,,,,
River,71533,Hội Khách,Vu Gia - Thu Bồn,TP. Đà Nẵng,2025-11-15 12:00,10.99,Bình thường,0,-3.51,14.5,15.5,16.5,,,107.8249969,15.81700039,,,,,,,,,,
River,71527,Ái Nghĩa,Vu Gia - Thu Bồn,TP. Đà Nẵng,2025-11-12 0:00,4.63,Bình thường,0,-1.87,6.5,8,9,10.77,2009,108.1169968,15.88300037,,,,,,,,,,
River,71527,Ái Nghĩa,Vu Gia - Thu Bồn,TP. Đà Nẵng,2025-11-12 1:00,4.62,Bình thường,0,-1.88,6.5,8,9,10.77,2009,108.1169968,15.88300037,,,,,,,,,,
River,71527,Ái Nghĩa,Vu Gia - Thu Bồn,TP. Đà Nẵng,2025-11-12 2:00,4.61,Bình thường,0,-1.89,6.5,8,9,10.77,2009,108.1169968,15.88300037,,,,,,,,,,
River,71527,Ái Nghĩa,Vu Gia - Thu Bồn,TP. Đà Nẵng,2025-11-12 3:00,4.58,Bình thường,0,-1.92,6.5,8,9,10.77,2009,108.1169968,15.88300037,,,,,,,,,,
River,71527,Ái Nghĩa,Vu Gia - Thu Bồn,TP. Đà Nẵng,2025-11-12 4:00,4.55,Bình thường,0,-1.95,6.5,8,9,10.77,2009,108.1169968,15.88300037,,,,,,,,,,
River,71527,Ái Nghĩa,Vu Gia - Thu Bồn,TP. Đà Nẵng,2025-11-12 5:00,4.5,Bình thường,0,-2,6.5,8,9,10.77,2009,108.1169968,15.88300037,,,,,,,,,,
River,71527,Ái Nghĩa,Vu Gia - Thu Bồn,TP. Đà Nẵng,2025-11-12 6:00,4.46,Bình thường,0,-2.04,6.5,8,9,10.77,2009,108.1169968,15.88300037,,,,,,,,,,
River,71527,Ái Nghĩa,Vu Gia - Thu Bồn,TP. Đà Nẵng,2025-11-12 7:00,4.41,Bình thường,0,-2.09,6.5,8,9,10.77,2009,108.1169968,15.88300037,,,,,,,,,,
River,71527,Ái Nghĩa,Vu Gia - Thu Bồn,TP. Đà Nẵng,2025-11-12 8:00,4.36,Bình thường,0,-2.14,6.5,8,9,10.77,2009,108.1169968,15.88300037,,,,,,,,,,
River,71527,Ái Nghĩa,Vu Gia - Thu Bồn,TP. Đà Nẵng,2025-11-12 9:00,4.33,Bình thường,0,-2.17,6.5,8,9,10.77,2009,108.1169968,15.88300037,,,,,,,,,,
River,71527,Ái Nghĩa,Vu Gia - Thu Bồn,TP. Đà Nẵng,2025-11-12 10:00,4.31,Bình thường,0,-2.19,6.5,8,9,10.77,2009,108.1169968,15.88300037,,,,,,,,,,
River,71527,Ái Nghĩa,Vu Gia - Thu Bồn,TP. Đà Nẵng,2025-11-12 11:00,4.3,Bình thường,0,-2.2,6.5,8,9,10.77,2009,108.1169968,15.88300037,,,,,,,,,,
River,71527,Ái Nghĩa,Vu Gia - Thu Bồn,TP. Đà Nẵng,2025-11-12 12:00,4.3,Bình thường,0,-2.2,6.5,8,9,10.77,2009,108.1169968,15.88300037,,,,,,,,,,
River,71527,Ái Nghĩa,Vu Gia - Thu Bồn,TP. Đà Nẵng,2025-11-12 13:00,4.31,Bình thường,0,-2.19,6.5,8,9,10.77,2009,108.1169968,15.88300037,,,,,,,,,,
River,71527,Ái Nghĩa,Vu Gia - Thu Bồn,TP. Đà Nẵng,2025-11-12 14:00,4.33,Bình thường,0,-2.17,6.5,8,9,10.77,2009,108.1169968,15.88300037,,,,,,,,,,
River,71527,Ái Nghĩa,Vu Gia - Thu Bồn,TP. Đà Nẵng,2025-11-12 15:00,4.34,Bình thường,0,-2.16,6.5,8,9,10.77,2009,108.1169968,15.88300037,,,,,,,,,,
River,71527,Ái Nghĩa,Vu Gia - Thu Bồn,TP. Đà Nẵng,2025-11-12 16:00,4.32,Bình thường,0,-2.18,6.5,8,9,10.77,2009,108.1169968,15.88300037,,,,,,,,,,
River,71527,Ái Nghĩa,Vu Gia - Thu Bồn,TP. Đà Nẵng,2025-11-12 17:00,4.31,Bình thường,0,-2.19,6.5,8,9,10.77,2009,108.1169968,15.88300037,,,,,,,,,,
River,71527,Ái Nghĩa,Vu Gia - Thu Bồn,TP. Đà Nẵng,2025-11-12 18:00,4.28,Bình thường,0,-2.22,6.5,8,9,10.77,2009,108.1169968,15.88300037,,,,,,,,,,
River,71527,Ái Nghĩa,Vu Gia - Thu Bồn,TP. Đà Nẵng,2025-11-12 19:00,4.26,Bình thường,0,-2.24,6.5,8,9,10.77,2009,108.1169968,15.88300037,,,,,,,,,,
River,71527,Ái Nghĩa,Vu Gia - Thu Bồn,TP. Đà Nẵng,2025-11-12 20:00,4.22,Bình thường,0,-2.28,6.5,8,9,10.77,2009,108.1169968,15.88300037,,,,,,,,,,
River,71527,Ái Nghĩa,Vu Gia - Thu Bồn,TP. Đà Nẵng,2025-11-12 21:00,4.21,Bình thường,0,-2.29,6.5,8,9,10.77,2009,108.1169968,15.88300037,,,,,,,,,,
River,71527,Ái Nghĩa,Vu Gia - Thu Bồn,TP. Đà Nẵng,2025-11-12 22:00,4.21,Bình thường,0,-2.29,6.5,8,9,10.77,2009,108.1169968,15.88300037,,,,,,,,,,
River,71527,Ái Nghĩa,Vu Gia - Thu Bồn,TP. Đà Nẵng,2025-11-12 23:00,4.21,Bình thường,0,-2.29,6.5,8,9,10.77,2009,108.1169968,15.88300037,,,,,,,,,,
River,71527,Ái Nghĩa,Vu Gia - Thu Bồn,TP. Đà Nẵng,2025-11-13 1:00,4.23,Bình thường,0,-2.27,6.5,8,9,10.77,2009,108.1169968,15.88300037,,,,,,,,,,
River,71527,Ái Nghĩa,Vu Gia - Thu Bồn,TP. Đà Nẵng,2025-11-13 2:00,4.23,Bình thường,0,-2.27,6.5,8,9,10.77,2009,108.1169968,15.88300037,,,,,,,,,,
River,71527,Ái Nghĩa,Vu Gia - Thu Bồn,TP. Đà Nẵng,2025-11-13 3:00,4.24,Bình thường,0,-2.26,6.5,8,9,10.77,2009,108.1169968,15.88300037,,,,,,,,,,
River,71527,Ái Nghĩa,Vu Gia - Thu Bồn,TP. Đà Nẵng,2025-11-13 4:00,4.25,Bình thường,0,-2.25,6.5,8,9,10.77,2009,108.1169968,15.88300037,,,,,,,,,,
River,71527,Ái Nghĩa,Vu Gia - Thu Bồn,TP. Đà Nẵng,2025-11-13 5:00,4.26,Bình thường,0,-2.24,6.5,8,9,10.77,2009,108.1169968,15.88300037,,,,,,,,,,
River,71527,Ái Nghĩa,Vu Gia - Thu Bồn,TP. Đà Nẵng,2025-11-13 6:00,4.27,Bình thường,0,-2.23,6.5,8,9,10.77,2009,108.1169968,15.88300037,,,,,,,,,,
River,71527,Ái Nghĩa,Vu Gia - Thu Bồn,TP. Đà Nẵng,2025-11-13 7:00,4.29,Bình thường,0,-2.21,6.5,8,9,10.77,2009,108.1169968,15.88300037,,,,,,,,,,
River,71527,Ái Nghĩa,Vu Gia - Thu Bồn,TP. Đà Nẵng,2025-11-13 8:00,4.31,Bình thường,0,-2.19,6.5,8,9,10.77,2009,108.1169968,15.88300037,,,,,,,,,,
River,71527,Ái Nghĩa,Vu Gia - Thu Bồn,TP. Đà Nẵng,2025-11-13 9:00,4.33,Bình thường,0,-2.17,6.5,8,9,10.77,2009,108.1169968,15.88300037,,,,,,,,,,
River,71527,Ái Nghĩa,Vu Gia - Thu Bồn,TP. Đà Nẵng,2025-11-13 10:00,4.36,Bình thường,0,-2.14,6.5,8,9,10.77,2009,108.1169968,15.88300037,,,,,,,,,,
River,71527,Ái Nghĩa,Vu Gia - Thu Bồn,TP. Đà Nẵng,2025-11-13 11:00,4.37,Bình thường,0,-2.13,6.5,8,9,10.77,2009,108.1169968,15.88300037,,,,,,,,,,
River,71527,Ái Nghĩa,Vu Gia - Thu Bồn,TP. Đà Nẵng,2025-11-13 12:00,4.39,Bình thường,0,-2.11,6.5,8,9,10.77,2009,108.1169968,15.88300037,,,,,,,,,,
River,71527,Ái Nghĩa,Vu Gia - Thu Bồn,TP. Đà Nẵng,2025-11-13 13:00,4.4,Bình thường,0,-2.1,6.5,8,9,10.77,2009,108.1169968,15.88300037,,,,,,,,,,
River,71527,Ái Nghĩa,Vu Gia - Thu Bồn,TP. Đà Nẵng,2025-11-13 14:00,4.43,Bình thường,0,-2.07,6.5,8,9,10.77,2009,108.1169968,15.88300037,,,,,,,,,,
River,71527,Ái Nghĩa,Vu Gia - Thu Bồn,TP. Đà Nẵng,2025-11-13 15:00,4.45,Bình thường,0,-2.05,6.5,8,9,10.77,2009,108.1169968,15.88300037,,,,,,,,,,
River,71527,Ái Nghĩa,Vu Gia - Thu Bồn,TP. Đà Nẵng,2025-11-13 16:00,4.45,Bình thường,0,-2.05,6.5,8,9,10.77,2009,108.1169968,15.88300037,,,,,,,,,,
River,71527,Ái Nghĩa,Vu Gia - Thu Bồn,TP. Đà Nẵng,2025-11-13 17:00,4.44,Bình thường,0,-2.06,6.5,8,9,10.77,2009,108.1169968,15.88300037,,,,,,,,,,
River,71527,Ái Nghĩa,Vu Gia - Thu Bồn,TP. Đà Nẵng,2025-11-13 18:00,4.44,Bình thường,0,-2.06,6.5,8,9,10.77,2009,108.1169968,15.88300037,,,,,,,,,,
River,71527,Ái Nghĩa,Vu Gia - Thu Bồn,TP. Đà Nẵng,2025-11-13 19:00,4.44,Bình thường,0,-2.06,6.5,8,9,10.77,2009,108.1169968,15.88300037,,,,,,,,,,
River,71527,Ái Nghĩa,Vu Gia - Thu Bồn,TP. Đà Nẵng,2025-11-13 20:00,4.45,Bình thường,0,-2.05,6.5,8,9,10.77,2009,108.1169968,15.88300037,,,,,,,,,,
River,71527,Ái Nghĩa,Vu Gia - Thu Bồn,TP. Đà Nẵng,2025-11-13 21:00,4.45,Bình thường,0,-2.05,6.5,8,9,10.77,2009,108.1169968,15.88300037,,,,,,,,,,
River,71527,Ái Nghĩa,Vu Gia - Thu Bồn,TP. Đà Nẵng,2025-11-13 22:00,4.45,Bình thường,0,-2.05,6.5,8,9,10.77,2009,108.1169968,15.88300037,,,,,,,,,,
River,71527,Ái Nghĩa,Vu Gia - Thu Bồn,TP. Đà Nẵng,2025-11-14 0:00,4.45,Bình thường,0,-2.05,6.5,8,9,10.77,2009,108.1169968,15.88300037,,,,,,,,,,
River,71527,Ái Nghĩa,Vu Gia - Thu Bồn,TP. Đà Nẵng,2025-11-14 1:00,4.44,Bình thường,0,-2.06,6.5,8,9,10.77,2009,108.1169968,15.88300037,,,,,,,,,,
River,71527,Ái Nghĩa,Vu Gia - Thu Bồn,TP. Đà Nẵng,2025-11-14 2:00,4.41,Bình thường,0,-2.09,6.5,8,9,10.77,2009,108.1169968,15.88300037,,,,,,,,,,
River,71527,Ái Nghĩa,Vu Gia - Thu Bồn,TP. Đà Nẵng,2025-11-14 3:00,4.38,Bình thường,0,-2.12,6.5,8,9,10.77,2009,108.1169968,15.88300037,,,,,,,,,,
River,71527,Ái Nghĩa,Vu Gia - Thu Bồn,TP. Đà Nẵng,2025-11-14 4:00,4.33,Bình thường,0,-2.17,6.5,8,9,10.77,2009,108.1169968,15.88300037,,,,,,,,,,
River,71527,Ái Nghĩa,Vu Gia - Thu Bồn,TP. Đà Nẵng,2025-11-14 5:00,4.29,Bình thường,0,-2.21,6.5,8,9,10.77,2009,108.1169968,15.88300037,,,,,,,,,,
River,71527,Ái Nghĩa,Vu Gia - Thu Bồn,TP. Đà Nẵng,2025-11-14 6:00,4.29,Bình thường,0,-2.21,6.5,8,9,10.77,2009,108.1169968,15.88300037,,,,,,,,,,
River,71527,Ái Nghĩa,Vu Gia - Thu Bồn,TP. Đà Nẵng,2025-11-14 7:00,4.31,Bình thường,0,-2.19,6.5,8,9,10.77,2009,108.1169968,15.88300037,,,,,,,,,,
River,71527,Ái Nghĩa,Vu Gia - Thu Bồn,TP. Đà Nẵng,2025-11-14 8:00,4.37,Bình thường,0,-2.13,6.5,8,9,10.77,2009,108.1169968,15.88300037,,,,,,,,,,
River,71527,Ái Nghĩa,Vu Gia - Thu Bồn,TP. Đà Nẵng,2025-11-14 9:00,4.42,Bình thường,0,-2.08,6.5,8,9,10.77,2009,108.1169968,15.88300037,,,,,,,,,,
River,71527,Ái Nghĩa,Vu Gia - Thu Bồn,TP. Đà Nẵng,2025-11-14 10:00,4.47,Bình thường,0,-2.03,6.5,8,9,10.77,2009,108.1169968,15.88300037,,,,,,,,,,
River,71527,Ái Nghĩa,Vu Gia - Thu Bồn,TP. Đà Nẵng,2025-11-14 11:00,4.52,Bình thường,0,-1.98,6.5,8,9,10.77,2009,108.1169968,15.88300037,,,,,,,,,,
River,71527,Ái Nghĩa,Vu Gia - Thu Bồn,TP. Đà Nẵng,2025-11-14 12:00,4.6,Bình thường,0,-1.9,6.5,8,9,10.77,2009,108.1169968,15.88300037,,,,,,,,,,
River,71527,Ái Nghĩa,Vu Gia - Thu Bồn,TP. Đà Nẵng,2025-11-14 13:00,4.71,Bình thường,0,-1.79,6.5,8,9,10.77,2009,108.1169968,15.88300037,,,,,,,,,,
River,71527,Ái Nghĩa,Vu Gia - Thu Bồn,TP. Đà Nẵng,2025-11-15 0:00,5.42,Bình thường,0,-1.08,6.5,8,9,10.77,2009,108.1169968,15.88300037,,,,,,,,,,
River,71527,Ái Nghĩa,Vu Gia - Thu Bồn,TP. Đà Nẵng,2025-11-15 1:00,5.42,Bình thường,0,-1.08,6.5,8,9,10.77,2009,108.1169968,15.88300037,,,,,,,,,,
River,71527,Ái Nghĩa,Vu Gia - Thu Bồn,TP. Đà Nẵng,2025-11-15 2:00,5.4,Bình thường,0,-1.1,6.5,8,9,10.77,2009,108.1169968,15.88300037,,,,,,,,,,
River,71527,Ái Nghĩa,Vu Gia - Thu Bồn,TP. Đà Nẵng,2025-11-15 3:00,5.36,Bình thường,0,-1.14,6.5,8,9,10.77,2009,108.1169968,15.88300037,,,,,,,,,,
River,71527,Ái Nghĩa,Vu Gia - Thu Bồn,TP. Đà Nẵng,2025-11-15 4:00,5.36,Bình thường,0,-1.14,6.5,8,9,10.77,2009,108.1169968,15.88300037,,,,,,,,,,
River,71527,Ái Nghĩa,Vu Gia - Thu Bồn,TP. Đà Nẵng,2025-11-15 5:00,5.37,Bình thường,0,-1.13,6.5,8,9,10.77,2009,108.1169968,15.88300037,,,,,,,,,,
River,71527,Ái Nghĩa,Vu Gia - Thu Bồn,TP. Đà Nẵng,2025-11-15 6:00,5.41,Bình thường,0,-1.09,6.5,8,9,10.77,2009,108.1169968,15.88300037,,,,,,,,,,
River,71527,Ái Nghĩa,Vu Gia - Thu Bồn,TP. Đà Nẵng,2025-11-15 7:00,5.48,Bình thường,0,-1.02,6.5,8,9,10.77,2009,108.1169968,15.88300037,,,,,,,,,,
River,71527,Ái Nghĩa,Vu Gia - Thu Bồn,TP. Đà Nẵng,2025-11-15 8:00,5.54,Bình thường,0,-0.96,6.5,8,9,10.77,2009,108.1169968,15.88300037,,,,,,,,,,
River,71527,Ái Nghĩa,Vu Gia - Thu Bồn,TP. Đà Nẵng,2025-11-15 9:00,5.57,Bình thường,0,-0.93,6.5,8,9,10.77,2009,108.1169968,15.88300037,,,,,,,,,,
River,71527,Ái Nghĩa,Vu Gia - Thu Bồn,TP. Đà Nẵng,2025-11-15 10:00,5.57,Bình thường,0,-0.93,6.5,8,9,10.77,2009,108.1169968,15.88300037,,,,,,,,,,
River,71527,Ái Nghĩa,Vu Gia - Thu Bồn,TP. Đà Nẵng,2025-11-15 11:00,5.53,Bình thường,0,-0.97,6.5,8,9,10.77,2009,108.1169968,15.88300037,,,,,,,,,,
River,71527,Ái Nghĩa,Vu Gia - Thu Bồn,TP. Đà Nẵng,2025-11-15 12:00,5.49,Bình thường,0,-1.01,6.5,8,9,10.77,2009,108.1169968,15.88300037,,,,,,,,,,